[

{
"name": "TESTDUMMY_IDLE",
"rotatable": true,
"fp_offset_x": 64,
"fp_offset_y": 124,
"td_offset_x": 64,
"td_offset_y": 88,

	"fp":
	[
	[{"file": "IDLE_FP/1A.png"}],
	[{"file": "IDLE_FP/2A.png"}],
	[{"file": "IDLE_FP/3A.png"}],
	[{"file": "IDLE_FP/4A.png"}],
	[{"file": "IDLE_FP/5A.png"}]
	],
		"td":
		[
		[{"file": "IDLE_TD/1A.png"}],
		[{"file": "IDLE_TD/2A.png"}],
		[{"file": "IDLE_TD/3A.png"}],
		[{"file": "IDLE_TD/4A.png"}],
		[{"file": "IDLE_TD/5A.png"}]
		]
},







{
"name": "TESTDUMMY_HIT",
"rotatable": true,
"fp_offset_x": 64,
"fp_offset_y": 124,
"td_offset_x": 64,
"td_offset_y": 88,

	"fp":
	[
	[
	{"file": "HIT_FP/1A.png"},
	{"file": "HIT_FP/1B.png"},
	{"file": "HIT_FP/1C.png"},
	{"file": "HIT_FP/1D.png"},
	{"file": "HIT_FP/1E.png"},
	{"file": "HIT_FP/1F.png"}
	],
	[
	{"file": "HIT_FP/2A.png"},
	{"file": "HIT_FP/2B.png"},
	{"file": "HIT_FP/2C.png"},
	{"file": "HIT_FP/2D.png"},
	{"file": "HIT_FP/2E.png"},
	{"file": "HIT_FP/2F.png"}
	],
	[
	{"file": "HIT_FP/3A.png"},
	{"file": "HIT_FP/3B.png"},
	{"file": "HIT_FP/3C.png"},
	{"file": "HIT_FP/3D.png"},
	{"file": "HIT_FP/3E.png"},
	{"file": "HIT_FP/3F.png"}
	],
	[
	{"file": "HIT_FP/4A.png"},
	{"file": "HIT_FP/4B.png"},
	{"file": "HIT_FP/4C.png"},
	{"file": "HIT_FP/4D.png"},
	{"file": "HIT_FP/4E.png"},
	{"file": "HIT_FP/4F.png"}
	],
	[
	{"file": "HIT_FP/5A.png"},
	{"file": "HIT_FP/5B.png"},
	{"file": "HIT_FP/5C.png"},
	{"file": "HIT_FP/5D.png"},
	{"file": "HIT_FP/5E.png"},
	{"file": "HIT_FP/5F.png"}
	]
	],

		"td":
		[
		[
		{"file": "HIT_TD/1A.png"},
		{"file": "HIT_TD/1B.png"},
		{"file": "HIT_TD/1C.png"},
		{"file": "HIT_TD/1D.png"},
		{"file": "HIT_TD/1E.png"},
		{"file": "HIT_TD/1F.png"}
		],
		[
		{"file": "HIT_TD/2A.png"},
		{"file": "HIT_TD/2B.png"},
		{"file": "HIT_TD/2C.png"},
		{"file": "HIT_TD/2D.png"},
		{"file": "HIT_TD/2E.png"},
		{"file": "HIT_TD/2F.png"}
		],
		[
		{"file": "HIT_TD/3A.png"},
		{"file": "HIT_TD/3B.png"},
		{"file": "HIT_TD/3C.png"},
		{"file": "HIT_TD/3D.png"},
		{"file": "HIT_TD/3E.png"},
		{"file": "HIT_TD/3F.png"}
		],
		[
		{"file": "HIT_TD/4A.png"},
		{"file": "HIT_TD/4B.png"},
		{"file": "HIT_TD/4C.png"},
		{"file": "HIT_TD/4D.png"},
		{"file": "HIT_TD/4E.png"},
		{"file": "HIT_TD/4F.png"}
		],
		[
		{"file": "HIT_TD/5A.png"},
		{"file": "HIT_TD/5B.png"},
		{"file": "HIT_TD/5C.png"},
		{"file": "HIT_TD/5D.png"},
		{"file": "HIT_TD/5E.png"},
		{"file": "HIT_TD/5F.png"}
		]
		
		]
}










]