[
	{
		"name": "MOV_SKELE",
		"rotatable": true,
		"fp_offset_x": 67,
		"fp_offset_y": 112,
		"td_offset_x": 67,
		"td_offset_y": 60,
		"fp": [
			[
				{
					"file": "stand_fp/rotation01_frame01.png"
				},
				{
					"file": "stand_fp/rotation01_frame02.png"
				},
				{
					"file": "stand_fp/rotation01_frame03.png"
				},
				{
					"file": "stand_fp/rotation01_frame04.png"
				},
				{
					"file": "stand_fp/rotation01_frame05.png"
				},
				{
					"file": "stand_fp/rotation01_frame06.png"
				},
				{
					"file": "stand_fp/rotation01_frame07.png"
				},
				{
					"file": "stand_fp/rotation01_frame08.png"
				}
			],
			[
				{
					"file": "stand_fp/rotation02_frame01.png"
				},
				{
					"file": "stand_fp/rotation02_frame02.png"
				},
				{
					"file": "stand_fp/rotation02_frame03.png"
				},
				{
					"file": "stand_fp/rotation02_frame04.png"
				},
				{
					"file": "stand_fp/rotation02_frame05.png"
				},
				{
					"file": "stand_fp/rotation02_frame06.png"
				},
				{
					"file": "stand_fp/rotation02_frame07.png"
				},
				{
					"file": "stand_fp/rotation02_frame08.png"
				}
			],
			[
				{
					"file": "stand_fp/rotation03_frame01.png"
				},
				{
					"file": "stand_fp/rotation03_frame02.png"
				},
				{
					"file": "stand_fp/rotation03_frame03.png"
				},
				{
					"file": "stand_fp/rotation03_frame04.png"
				},
				{
					"file": "stand_fp/rotation03_frame05.png"
				},
				{
					"file": "stand_fp/rotation03_frame06.png"
				},
				{
					"file": "stand_fp/rotation03_frame07.png"
				},
				{
					"file": "stand_fp/rotation03_frame08.png"
				}
			],
			[
				{
					"file": "stand_fp/rotation04_frame01.png"
				},
				{
					"file": "stand_fp/rotation04_frame02.png"
				},
				{
					"file": "stand_fp/rotation04_frame03.png"
				},
				{
					"file": "stand_fp/rotation04_frame04.png"
				},
				{
					"file": "stand_fp/rotation04_frame05.png"
				},
				{
					"file": "stand_fp/rotation04_frame06.png"
				},
				{
					"file": "stand_fp/rotation04_frame07.png"
				},
				{
					"file": "stand_fp/rotation04_frame08.png"
				}
			],
			[
				{
					"file": "stand_fp/rotation05_frame01.png"
				},
				{
					"file": "stand_fp/rotation05_frame02.png"
				},
				{
					"file": "stand_fp/rotation05_frame03.png"
				},
				{
					"file": "stand_fp/rotation05_frame04.png"
				},
				{
					"file": "stand_fp/rotation05_frame05.png"
				},
				{
					"file": "stand_fp/rotation05_frame06.png"
				},
				{
					"file": "stand_fp/rotation05_frame07.png"
				},
				{
					"file": "stand_fp/rotation05_frame08.png"
				}
			]
		],
		"td": [
			[
				{
					"file": "stand_td/rotation01_frame01.png"
				},
				{
					"file": "stand_td/rotation01_frame02.png"
				},
				{
					"file": "stand_td/rotation01_frame03.png"
				},
				{
					"file": "stand_td/rotation01_frame04.png"
				},
				{
					"file": "stand_td/rotation01_frame05.png"
				},
				{
					"file": "stand_td/rotation01_frame06.png"
				},
				{
					"file": "stand_td/rotation01_frame07.png"
				},
				{
					"file": "stand_td/rotation01_frame08.png"
				}
			],
			[
				{
					"file": "stand_td/rotation02_frame01.png"
				},
				{
					"file": "stand_td/rotation02_frame02.png"
				},
				{
					"file": "stand_td/rotation02_frame03.png"
				},
				{
					"file": "stand_td/rotation02_frame04.png"
				},
				{
					"file": "stand_td/rotation02_frame05.png"
				},
				{
					"file": "stand_td/rotation02_frame06.png"
				},
				{
					"file": "stand_td/rotation02_frame07.png"
				},
				{
					"file": "stand_td/rotation02_frame08.png"
				}
			],
			[
				{
					"file": "stand_td/rotation03_frame01.png"
				},
				{
					"file": "stand_td/rotation03_frame02.png"
				},
				{
					"file": "stand_td/rotation03_frame03.png"
				},
				{
					"file": "stand_td/rotation03_frame04.png"
				},
				{
					"file": "stand_td/rotation03_frame05.png"
				},
				{
					"file": "stand_td/rotation03_frame06.png"
				},
				{
					"file": "stand_td/rotation03_frame07.png"
				},
				{
					"file": "stand_td/rotation03_frame08.png"
				}
			],
			[
				{
					"file": "stand_td/rotation04_frame01.png"
				},
				{
					"file": "stand_td/rotation04_frame02.png"
				},
				{
					"file": "stand_td/rotation04_frame03.png"
				},
				{
					"file": "stand_td/rotation04_frame04.png"
				},
				{
					"file": "stand_td/rotation04_frame05.png"
				},
				{
					"file": "stand_td/rotation04_frame06.png"
				},
				{
					"file": "stand_td/rotation04_frame07.png"
				},
				{
					"file": "stand_td/rotation04_frame08.png"
				}
			],
			[
				{
					"file": "stand_td/rotation05_frame01.png"
				},
				{
					"file": "stand_td/rotation05_frame02.png"
				},
				{
					"file": "stand_td/rotation05_frame03.png"
				},
				{
					"file": "stand_td/rotation05_frame04.png"
				},
				{
					"file": "stand_td/rotation05_frame05.png"
				},
				{
					"file": "stand_td/rotation05_frame06.png"
				},
				{
					"file": "stand_td/rotation05_frame07.png"
				},
				{
					"file": "stand_td/rotation05_frame08.png"
				}
			]
		]
	}
]