[
	{
		"name": "DARK_ELF2_STAND",
		"rotatable": true,
		"fp_offset_x": 31,
		"fp_offset_y": 72,
		"td_offset_x": 26,
		"td_offset_y": 41,
		"fp": [
			[
				{
					"file": "stand_fp/rotation01_frame01.png"
				}
			],
			[
				{
					"file": "stand_fp/rotation02_frame01.png"
				}
			],
			[
				{
					"file": "stand_fp/rotation03_frame01.png"
				}
			],
			[
				{
					"file": "stand_fp/rotation04_frame01.png"
				}
			],
			[
				{
					"file": "stand_fp/rotation05_frame01.png"
				}
			]
		],
		"td": [
			[
				{
					"file": "stand_td/rotation01_frame01.png"
				}
			],
			[
				{
					"file": "stand_td/rotation02_frame01.png"
				}
			],
			[
				{
					"file": "stand_td/rotation03_frame01.png"
				}
			],
			[
				{
					"file": "stand_td/rotation04_frame01.png"
				}
			],
			[
				{
					"file": "stand_td/rotation05_frame01.png"
				}
			]
		]
	},
	{
		"name": "DARK_ELF2_WALK",
		"rotatable": true,
		"fp_offset_x": 40,
		"fp_offset_y": 70,
		"td_offset_x": 34,
		"td_offset_y": 56,
		"fp": [
			[
				{
					"file": "walk_fp/rotation01_frame01.png"
				},
				{
					"file": "walk_fp/rotation01_frame02.png"
				},
				{
					"file": "walk_fp/rotation01_frame03.png"
				},
				{
					"file": "walk_fp/rotation01_frame04.png"
				},
				{
					"file": "walk_fp/rotation01_frame05.png"
				},
				{
					"file": "walk_fp/rotation01_frame06.png"
				},
				{
					"file": "walk_fp/rotation01_frame07.png"
				},
				{
					"file": "walk_fp/rotation01_frame08.png"
				}
			],
			[
				{
					"file": "walk_fp/rotation02_frame01.png"
				},
				{
					"file": "walk_fp/rotation02_frame02.png"
				},
				{
					"file": "walk_fp/rotation02_frame03.png"
				},
				{
					"file": "walk_fp/rotation02_frame04.png"
				},
				{
					"file": "walk_fp/rotation02_frame05.png"
				},
				{
					"file": "walk_fp/rotation02_frame06.png"
				},
				{
					"file": "walk_fp/rotation02_frame07.png"
				},
				{
					"file": "walk_fp/rotation02_frame08.png"
				}
			],
			[
				{
					"file": "walk_fp/rotation03_frame01.png"
				},
				{
					"file": "walk_fp/rotation03_frame02.png"
				},
				{
					"file": "walk_fp/rotation03_frame03.png"
				},
				{
					"file": "walk_fp/rotation03_frame04.png"
				},
				{
					"file": "walk_fp/rotation03_frame05.png"
				},
				{
					"file": "walk_fp/rotation03_frame06.png"
				},
				{
					"file": "walk_fp/rotation03_frame07.png"
				},
				{
					"file": "walk_fp/rotation03_frame08.png"
				}
			],
			[
				{
					"file": "walk_fp/rotation04_frame01.png"
				},
				{
					"file": "walk_fp/rotation04_frame02.png"
				},
				{
					"file": "walk_fp/rotation04_frame03.png"
				},
				{
					"file": "walk_fp/rotation04_frame04.png"
				},
				{
					"file": "walk_fp/rotation04_frame05.png"
				},
				{
					"file": "walk_fp/rotation04_frame06.png"
				},
				{
					"file": "walk_fp/rotation04_frame07.png"
				},
				{
					"file": "walk_fp/rotation04_frame08.png"
				}
			],
			[
				{
					"file": "walk_fp/rotation05_frame01.png"
				},
				{
					"file": "walk_fp/rotation05_frame02.png"
				},
				{
					"file": "walk_fp/rotation05_frame03.png"
				},
				{
					"file": "walk_fp/rotation05_frame04.png"
				},
				{
					"file": "walk_fp/rotation05_frame05.png"
				},
				{
					"file": "walk_fp/rotation05_frame06.png"
				},
				{
					"file": "walk_fp/rotation05_frame07.png"
				},
				{
					"file": "walk_fp/rotation05_frame08.png"
				}
			]
		],
		"td": [
			[
				{
					"file": "walk_td/rotation01_frame01.png"
				},
				{
					"file": "walk_td/rotation01_frame02.png"
				},
				{
					"file": "walk_td/rotation01_frame03.png"
				},
				{
					"file": "walk_td/rotation01_frame04.png"
				},
				{
					"file": "walk_td/rotation01_frame05.png"
				},
				{
					"file": "walk_td/rotation01_frame06.png"
				},
				{
					"file": "walk_td/rotation01_frame07.png"
				},
				{
					"file": "walk_td/rotation01_frame08.png"
				}
			],
			[
				{
					"file": "walk_td/rotation02_frame01.png"
				},
				{
					"file": "walk_td/rotation02_frame02.png"
				},
				{
					"file": "walk_td/rotation02_frame03.png"
				},
				{
					"file": "walk_td/rotation02_frame04.png"
				},
				{
					"file": "walk_td/rotation02_frame05.png"
				},
				{
					"file": "walk_td/rotation02_frame06.png"
				},
				{
					"file": "walk_td/rotation02_frame07.png"
				},
				{
					"file": "walk_td/rotation02_frame08.png"
				}
			],
			[
				{
					"file": "walk_td/rotation03_frame01.png"
				},
				{
					"file": "walk_td/rotation03_frame02.png"
				},
				{
					"file": "walk_td/rotation03_frame03.png"
				},
				{
					"file": "walk_td/rotation03_frame04.png"
				},
				{
					"file": "walk_td/rotation03_frame05.png"
				},
				{
					"file": "walk_td/rotation03_frame06.png"
				},
				{
					"file": "walk_td/rotation03_frame07.png"
				},
				{
					"file": "walk_td/rotation03_frame08.png"
				}
			],
			[
				{
					"file": "walk_td/rotation04_frame01.png"
				},
				{
					"file": "walk_td/rotation04_frame02.png"
				},
				{
					"file": "walk_td/rotation04_frame03.png"
				},
				{
					"file": "walk_td/rotation04_frame04.png"
				},
				{
					"file": "walk_td/rotation04_frame05.png"
				},
				{
					"file": "walk_td/rotation04_frame06.png"
				},
				{
					"file": "walk_td/rotation04_frame07.png"
				},
				{
					"file": "walk_td/rotation04_frame08.png"
				}
			],
			[
				{
					"file": "walk_td/rotation05_frame01.png"
				},
				{
					"file": "walk_td/rotation05_frame02.png"
				},
				{
					"file": "walk_td/rotation05_frame03.png"
				},
				{
					"file": "walk_td/rotation05_frame04.png"
				},
				{
					"file": "walk_td/rotation05_frame05.png"
				},
				{
					"file": "walk_td/rotation05_frame06.png"
				},
				{
					"file": "walk_td/rotation05_frame07.png"
				},
				{
					"file": "walk_td/rotation05_frame08.png"
				}
			]
		]
	},
	{
		"name": "DARK_ELF2_ATTACK",
		"rotatable": true,
		"fp_offset_x": 32,
		"fp_offset_y": 78,
		"td_offset_x": 25,
		"td_offset_y": 51,
		"fp": [
			[
				{
					"file": "attack_fp/rotation01_frame01.png"
				},
				{
					"file": "attack_fp/rotation01_frame02.png"
				},
				{
					"file": "attack_fp/rotation01_frame03.png"
				},
				{
					"file": "attack_fp/rotation01_frame04.png"
				},
				{
					"file": "attack_fp/rotation01_frame05.png"
				},
				{
					"file": "attack_fp/rotation01_frame06.png"
				},
				{
					"file": "attack_fp/rotation01_frame07.png"
				},
				{
					"file": "attack_fp/rotation01_frame08.png"
				}
			],
			[
				{
					"file": "attack_fp/rotation02_frame01.png"
				},
				{
					"file": "attack_fp/rotation02_frame02.png"
				},
				{
					"file": "attack_fp/rotation02_frame03.png"
				},
				{
					"file": "attack_fp/rotation02_frame04.png"
				},
				{
					"file": "attack_fp/rotation02_frame05.png"
				},
				{
					"file": "attack_fp/rotation02_frame06.png"
				},
				{
					"file": "attack_fp/rotation02_frame07.png"
				},
				{
					"file": "attack_fp/rotation02_frame08.png"
				}
			],
			[
				{
					"file": "attack_fp/rotation03_frame01.png"
				},
				{
					"file": "attack_fp/rotation03_frame02.png"
				},
				{
					"file": "attack_fp/rotation03_frame03.png"
				},
				{
					"file": "attack_fp/rotation03_frame04.png"
				},
				{
					"file": "attack_fp/rotation03_frame05.png"
				},
				{
					"file": "attack_fp/rotation03_frame06.png"
				},
				{
					"file": "attack_fp/rotation03_frame07.png"
				},
				{
					"file": "attack_fp/rotation03_frame08.png"
				}
			],
			[
				{
					"file": "attack_fp/rotation04_frame01.png"
				},
				{
					"file": "attack_fp/rotation04_frame02.png"
				},
				{
					"file": "attack_fp/rotation04_frame03.png"
				},
				{
					"file": "attack_fp/rotation04_frame04.png"
				},
				{
					"file": "attack_fp/rotation04_frame05.png"
				},
				{
					"file": "attack_fp/rotation04_frame06.png"
				},
				{
					"file": "attack_fp/rotation04_frame07.png"
				},
				{
					"file": "attack_fp/rotation04_frame08.png"
				}
			],
			[
				{
					"file": "attack_fp/rotation05_frame01.png"
				},
				{
					"file": "attack_fp/rotation05_frame02.png"
				},
				{
					"file": "attack_fp/rotation05_frame03.png"
				},
				{
					"file": "attack_fp/rotation05_frame04.png"
				},
				{
					"file": "attack_fp/rotation05_frame05.png"
				},
				{
					"file": "attack_fp/rotation05_frame06.png"
				},
				{
					"file": "attack_fp/rotation05_frame07.png"
				},
				{
					"file": "attack_fp/rotation05_frame08.png"
				}
			]
		],
		"td": [
			[
				{
					"file": "attack_td/rotation01_frame01.png"
				},
				{
					"file": "attack_td/rotation01_frame02.png"
				},
				{
					"file": "attack_td/rotation01_frame03.png"
				},
				{
					"file": "attack_td/rotation01_frame04.png"
				},
				{
					"file": "attack_td/rotation01_frame05.png"
				},
				{
					"file": "attack_td/rotation01_frame06.png"
				},
				{
					"file": "attack_td/rotation01_frame07.png"
				},
				{
					"file": "attack_td/rotation01_frame08.png"
				}
			],
			[
				{
					"file": "attack_td/rotation02_frame01.png"
				},
				{
					"file": "attack_td/rotation02_frame02.png"
				},
				{
					"file": "attack_td/rotation02_frame03.png"
				},
				{
					"file": "attack_td/rotation02_frame04.png"
				},
				{
					"file": "attack_td/rotation02_frame05.png"
				},
				{
					"file": "attack_td/rotation02_frame06.png"
				},
				{
					"file": "attack_td/rotation02_frame07.png"
				},
				{
					"file": "attack_td/rotation02_frame08.png"
				}
			],
			[
				{
					"file": "attack_td/rotation03_frame01.png"
				},
				{
					"file": "attack_td/rotation03_frame02.png"
				},
				{
					"file": "attack_td/rotation03_frame03.png"
				},
				{
					"file": "attack_td/rotation03_frame04.png"
				},
				{
					"file": "attack_td/rotation03_frame05.png"
				},
				{
					"file": "attack_td/rotation03_frame06.png"
				},
				{
					"file": "attack_td/rotation03_frame07.png"
				},
				{
					"file": "attack_td/rotation03_frame08.png"
				}
			],
			[
				{
					"file": "attack_td/rotation04_frame01.png"
				},
				{
					"file": "attack_td/rotation04_frame02.png"
				},
				{
					"file": "attack_td/rotation04_frame03.png"
				},
				{
					"file": "attack_td/rotation04_frame04.png"
				},
				{
					"file": "attack_td/rotation04_frame05.png"
				},
				{
					"file": "attack_td/rotation04_frame06.png"
				},
				{
					"file": "attack_td/rotation04_frame07.png"
				},
				{
					"file": "attack_td/rotation04_frame08.png"
				}
			],
			[
				{
					"file": "attack_td/rotation05_frame01.png"
				},
				{
					"file": "attack_td/rotation05_frame02.png"
				},
				{
					"file": "attack_td/rotation05_frame03.png"
				},
				{
					"file": "attack_td/rotation05_frame04.png"
				},
				{
					"file": "attack_td/rotation05_frame05.png"
				},
				{
					"file": "attack_td/rotation05_frame06.png"
				},
				{
					"file": "attack_td/rotation05_frame07.png"
				},
				{
					"file": "attack_td/rotation05_frame08.png"
				}
			]
		]
	},
	{
		"name": "DARK_ELF2_HIT",
		"rotatable": true,
		"fp_offset_x": 34,
		"fp_offset_y": 69,
		"td_offset_x": 29,
		"td_offset_y": 45,
		"fp": [
			[
				{
					"file": "hit_fp/rotation01_frame01.png"
				}
			],
			[
				{
					"file": "hit_fp/rotation02_frame01.png"
				}
			],
			[
				{
					"file": "hit_fp/rotation03_frame01.png"
				}
			],
			[
				{
					"file": "hit_fp/rotation04_frame01.png"
				}
			],
			[
				{
					"file": "hit_fp/rotation05_frame01.png"
				}
			]
		],
		"td": [
			[
				{
					"file": "hit_td/rotation01_frame01.png"
				}
			],
			[
				{
					"file": "hit_td/rotation02_frame01.png"
				}
			],
			[
				{
					"file": "hit_td/rotation03_frame01.png"
				}
			],
			[
				{
					"file": "hit_td/rotation04_frame01.png"
				}
			],
			[
				{
					"file": "hit_td/rotation05_frame01.png"
				}
			]
		]
	},
	{
		"name": "DARK_ELF2_SLAPPED",
		"rotatable": true,
		"fp_offset_x": 23,
		"fp_offset_y": 65,
		"td_offset_x": 20,
		"td_offset_y": 49,
		"fp": [
			[
				{
					"file": "slapped_fp/rotation01_frame01.png"
				}
			],
			[
				{
					"file": "slapped_fp/rotation02_frame01.png"
				}
			],
			[
				{
					"file": "slapped_fp/rotation03_frame01.png"
				}
			],
			[
				{
					"file": "slapped_fp/rotation04_frame01.png"
				}
			],
			[
				{
					"file": "slapped_fp/rotation05_frame01.png"
				}
			]
		],
		"td": [
			[
				{
					"file": "slapped_td/rotation01_frame01.png"
				}
			],
			[
				{
					"file": "slapped_td/rotation02_frame01.png"
				}
			],
			[
				{
					"file": "slapped_td/rotation03_frame01.png"
				}
			],
			[
				{
					"file": "slapped_td/rotation04_frame01.png"
				}
			],
			[
				{
					"file": "slapped_td/rotation05_frame01.png"
				}
			]
		]
	},
	{
		"name": "DARK_ELF2_CELEBRATE",
		"rotatable": false,
		"fp_offset_x": 32,
		"fp_offset_y": 80,
		"td_offset_x": 27,
		"td_offset_y": 41,
		"fp": [
			[
				{
					"file": "celebrate_fp/rotation01_frame01.png"
				},
				{
					"file": "celebrate_fp/rotation01_frame02.png"
				},
				{
					"file": "celebrate_fp/rotation01_frame03.png"
				},
				{
					"file": "celebrate_fp/rotation01_frame04.png"
				}
			]
		],
		"td": [
			[
				{
					"file": "celebrate_td/rotation01_frame01.png"
				},
				{
					"file": "celebrate_td/rotation01_frame02.png"
				},
				{
					"file": "celebrate_td/rotation01_frame03.png"
				},
				{
					"file": "celebrate_td/rotation01_frame04.png"
				}
			]
		]
	},
	{
		"name": "DARK_ELF2_COMPLAIN",
		"rotatable": false,
		"fp_offset_x": 34,
		"fp_offset_y": 66,
		"td_offset_x": 30,
		"td_offset_y": 37,
		"fp": [
			[
				{
					"file": "complain_fp/rotation01_frame01.png"
				},
				{
					"file": "complain_fp/rotation01_frame02.png"
				},
				{
					"file": "complain_fp/rotation01_frame03.png"
				},
				{
					"file": "complain_fp/rotation01_frame04.png"
				},
				{
					"file": "complain_fp/rotation01_frame05.png"
				},
				{
					"file": "complain_fp/rotation01_frame06.png"
				}
			]
		],
		"td": [
			[
				{
					"file": "complain_td/rotation01_frame01.png"
				},
				{
					"file": "complain_td/rotation01_frame02.png"
				},
				{
					"file": "complain_td/rotation01_frame03.png"
				},
				{
					"file": "complain_td/rotation01_frame04.png"
				},
				{
					"file": "complain_td/rotation01_frame05.png"
				},
				{
					"file": "complain_td/rotation01_frame06.png"
				}
			]
		]
	},
	{
		"name": "DARK_ELF2_POWERGRAB",
		"rotatable": false,
		"fp_offset_x": 60,
		"fp_offset_y": 119,
		"td_offset_x": 60,
		"td_offset_y": 96,
		"fp": [
			[
				{
					"file": "powergrab_fp/rotation02_frame01.png"
				},
				{
					"file": "powergrab_fp/rotation02_frame02.png"
				},
				{
					"file": "powergrab_fp/rotation02_frame03.png"
				},
				{
					"file": "powergrab_fp/rotation02_frame04.png"
				},
				{
					"file": "powergrab_fp/rotation02_frame05.png"
				},
				{
					"file": "powergrab_fp/rotation02_frame06.png"
				},
				{
					"file": "powergrab_fp/rotation02_frame07.png"
				},
				{
					"file": "powergrab_fp/rotation02_frame08.png"
				}
			]
		],
		"td": [
			[
				{
					"file": "powergrab_td/rotation02_frame01.png"
				},
				{
					"file": "powergrab_td/rotation02_frame02.png"
				},
				{
					"file": "powergrab_td/rotation02_frame03.png"
				},
				{
					"file": "powergrab_td/rotation02_frame04.png"
				},
				{
					"file": "powergrab_td/rotation02_frame05.png"
				},
				{
					"file": "powergrab_td/rotation02_frame06.png"
				},
				{
					"file": "powergrab_td/rotation02_frame07.png"
				},
				{
					"file": "powergrab_td/rotation02_frame08.png"
				}
			]
		]
	},
	{
		"name": "DARK_ELF2_EATCHICKEN",
		"rotatable": false,
		"fp_offset_x": 39,
		"fp_offset_y": 77,
		"td_offset_x": 39,
		"td_offset_y": 62,
		"fp": [
			[
				{
					"file": "eatchicken_fp/rotation02_frame01.png"
				},
				{
					"file": "eatchicken_fp/rotation02_frame02.png"
				},
				{
					"file": "eatchicken_fp/rotation02_frame03.png"
				},
				{
					"file": "eatchicken_fp/rotation02_frame04.png"
				},
				{
					"file": "eatchicken_fp/rotation02_frame05.png"
				},
				{
					"file": "eatchicken_fp/rotation02_frame06.png"
				},
				{
					"file": "eatchicken_fp/rotation02_frame07.png"
				}
			]
		],
		"td": [
			[
				{
					"file": "eatchicken_td/rotation02_frame01.png"
				},
				{
					"file": "eatchicken_td/rotation02_frame02.png"
				},
				{
					"file": "eatchicken_td/rotation02_frame03.png"
				},
				{
					"file": "eatchicken_td/rotation02_frame04.png"
				},
				{
					"file": "eatchicken_td/rotation02_frame05.png"
				},
				{
					"file": "eatchicken_td/rotation02_frame06.png"
				},
				{
					"file": "eatchicken_td/rotation02_frame07.png"
				}
			]
		]
	},
	{
		"name": "DARK_ELF2_SLEEP",
		"rotatable": false,
		"fp_offset_x": 41,
		"fp_offset_y": 49,
		"td_offset_x": 44,
		"td_offset_y": 62,
		"fp": [
			[
				{
					"file": "lairsleep_fp/rotation01_frame01.png"
				},
				{
					"file": "lairsleep_fp/rotation01_frame02.png"
				},
				{
					"file": "lairsleep_fp/rotation01_frame03.png"
				}
			]
		],
		"td": [
			[
				{
					"file": "lairsleep_td/rotation01_frame01.png"
				},
				{
					"file": "lairsleep_td/rotation01_frame02.png"
				},
				{
					"file": "lairsleep_td/rotation01_frame03.png"
				}
			]
		]
	},
	{
		"name": "DARK_ELF2_LAIR",
		"rotatable": false,
		"fp_offset_x": 41,
		"fp_offset_y": 49,
		"td_offset_x": 44,
		"td_offset_y": 62,
		"fp": [
			[
				{
					"file": "lair_fp/r1frame01.png"
				}
			]
		],
		"td": [
			[
				{
					"file": "lair_td/r1frame01.png"
				}
			]
		]
	},
	{
		"name": "DARK_ELF2_DYING",
		"rotatable": false,
		"fp_offset_x": 41,
		"fp_offset_y": 74,
		"td_offset_x": 42,
		"td_offset_y": 48,
		"fp": [
			[
				{
					"file": "dying_fp/rotation01_frame01.png"
				},
				{
					"file": "dying_fp/rotation01_frame02.png"
				},
				{
					"file": "dying_fp/rotation01_frame03.png"
				},
				{
					"file": "dying_fp/rotation01_frame04.png"
				}
			]
		],
		"td": [
			[
				{
					"file": "dying_td/rotation01_frame01.png"
				},
				{
					"file": "dying_td/rotation01_frame02.png"
				},
				{
					"file": "dying_td/rotation01_frame03.png"
				},
				{
					"file": "dying_td/rotation01_frame04.png"
				}
			]
		]
	}
]