[
    { 
        "name": "CHICKEN_PORTRAIT",
        "file": [ "icons/1000.png" ]
    },
    {
        "name": "CHICKEN_ICON",
        "file": [ "icons/2000.png", "icons/3000.png" ]
    },
    { 
        "name": "CHICKEN_SHOT",
        "file": [ "icons/4000.png", "icons/4001.png"] 
    },
    { 
        "name": "CHICKEN_BOMB_SHOT",
        "file": [ "icons/5000.png", "icons/5001.png"] 
    },
    { 
        "name": "CHICKEN_BOMB_SWARM",
        "file": [ "icons/6000.png", "icons/6001.png"] 
    },
    { 
        "name": "CHICKEN_SWARM",
        "file": [ "icons/7000.png", "icons/7001.png"] 
    },
    { 
        "name": "SUMMON_CHICKEN",
        "file": [ "icons/8000.png", "icons/8001.png"] 
    },
    { 
        "name": "LAYING_EGG",
        "file": [ "icons/9000.png", "icons/9001.png"] 
    },
    { 
        "name": "THROWING_CHICK",
        "file": [ "icons/10000.png", "icons/10001.png"] 
    },
    { 
        "name": "WIND_CHICK",
        "file": [ "icons/11000.png", "icons/11001.png"] 
    }
]