[

	{
		"name": "CHICK_ROLL",
		"rotatable": true,
		"fp_offset_x": 29,
		"fp_offset_y": 41,
		"td_offset_x": 30,
		"td_offset_y": 33,
		
			"fp":
			[
			[
			{"file": "ROLL_FP/1A.png"},
			{"file": "ROLL_FP/1B.png"},
			{"file": "ROLL_FP/1C.png"},
			{"file": "ROLL_FP/1D.png"},
			{"file": "ROLL_FP/1E.png"}
			],
			[
			{"file": "ROLL_FP/2A.png"},
			{"file": "ROLL_FP/2B.png"},
			{"file": "ROLL_FP/2C.png"},
			{"file": "ROLL_FP/2D.png"},
			{"file": "ROLL_FP/2E.png"}
			],
			[
			{"file": "ROLL_FP/3A.png"},
			{"file": "ROLL_FP/3B.png"},
			{"file": "ROLL_FP/3C.png"},
			{"file": "ROLL_FP/3D.png"},
			{"file": "ROLL_FP/3E.png"}
			],
			[
			{"file": "ROLL_FP/4A.png"},
			{"file": "ROLL_FP/4B.png"},
			{"file": "ROLL_FP/4C.png"},
			{"file": "ROLL_FP/4D.png"},
			{"file": "ROLL_FP/4E.png"}
			],
			[
			{"file": "ROLL_FP/5A.png"},
			{"file": "ROLL_FP/5B.png"},
			{"file": "ROLL_FP/5C.png"},
			{"file": "ROLL_FP/5D.png"},
			{"file": "ROLL_FP/5E.png"}
			]
			],
		
				"td":
				[
				[
				{"file": "ROLL_TD/1A.png"},
				{"file": "ROLL_TD/1B.png"},
				{"file": "ROLL_TD/1C.png"},
				{"file": "ROLL_TD/1D.png"},
				{"file": "ROLL_TD/1E.png"}
				],
				[
				{"file": "ROLL_TD/2A.png"},
				{"file": "ROLL_TD/2B.png"},
				{"file": "ROLL_TD/2C.png"},
				{"file": "ROLL_TD/2D.png"},
				{"file": "ROLL_TD/2E.png"}
				],
				[
				{"file": "ROLL_TD/3A.png"},
				{"file": "ROLL_TD/3B.png"},
				{"file": "ROLL_TD/3C.png"},
				{"file": "ROLL_TD/3D.png"},
				{"file": "ROLL_TD/3E.png"}
				],
				[
				{"file": "ROLL_TD/4A.png"},
				{"file": "ROLL_TD/4B.png"},
				{"file": "ROLL_TD/4C.png"},
				{"file": "ROLL_TD/4D.png"},
				{"file": "ROLL_TD/4E.png"}
				],
				[
				{"file": "ROLL_TD/5A.png"},
				{"file": "ROLL_TD/5B.png"},
				{"file": "ROLL_TD/5C.png"},
				{"file": "ROLL_TD/5D.png"},
				{"file": "ROLL_TD/5E.png"}
				]
				
				]
		},
		{
			"name": "CHICK_DEAD",
			"rotatable": false,
			"fp_offset_x": 20,
			"fp_offset_y": 28,
			"td_offset_x": 11,
			"td_offset_y": 15,
			
				"fp":
				[
				[
				{"file": "DEAD_FP/1A.png"}
				]
				],
					"td":
					[
					[
					{"file": "DEAD_TD/1A.png"}
					]
					]
			},
	{
		"name": "CHICK_FLIP",
		"rotatable": true,
		"fp_offset_x": 36,
		"fp_offset_y": 50,
		"td_offset_x": 28,
		"td_offset_y": 25,
		
			"fp":
			[
			[
			{"file": "FLIP_FP/1A.png"},
			{"file": "FLIP_FP/1B.png"},
			{"file": "FLIP_FP/1C.png"},
			{"file": "FLIP_FP/1D.png"},
			{"file": "FLIP_FP/1E.png"},
			{"file": "FLIP_FP/1F.png"},
			{"file": "FLIP_FP/1G.png"},
			{"file": "FLIP_FP/1H.png"},
			{"file": "FLIP_FP/1I.png"},
			{"file": "FLIP_FP/1J.png"}
			],
			[
			{"file": "FLIP_FP/2A.png"},
			{"file": "FLIP_FP/2B.png"},
			{"file": "FLIP_FP/2C.png"},
			{"file": "FLIP_FP/2D.png"},
			{"file": "FLIP_FP/2E.png"},
			{"file": "FLIP_FP/2F.png"},
			{"file": "FLIP_FP/2G.png"},
			{"file": "FLIP_FP/2H.png"},
			{"file": "FLIP_FP/2I.png"},
			{"file": "FLIP_FP/2J.png"}
			],
			[
			{"file": "FLIP_FP/3A.png"},
			{"file": "FLIP_FP/3B.png"},
			{"file": "FLIP_FP/3C.png"},
			{"file": "FLIP_FP/3D.png"},
			{"file": "FLIP_FP/3E.png"},
			{"file": "FLIP_FP/3F.png"},
			{"file": "FLIP_FP/3G.png"},
			{"file": "FLIP_FP/3H.png"},
			{"file": "FLIP_FP/3I.png"},
			{"file": "FLIP_FP/3J.png"}
			],
			[
			{"file": "FLIP_FP/4A.png"},
			{"file": "FLIP_FP/4B.png"},
			{"file": "FLIP_FP/4C.png"},
			{"file": "FLIP_FP/4D.png"},
			{"file": "FLIP_FP/4E.png"},
			{"file": "FLIP_FP/4F.png"},
			{"file": "FLIP_FP/4G.png"},
			{"file": "FLIP_FP/4H.png"},
			{"file": "FLIP_FP/4I.png"},
			{"file": "FLIP_FP/4J.png"}
			],
			[
			{"file": "FLIP_FP/5A.png"},
			{"file": "FLIP_FP/5B.png"},
			{"file": "FLIP_FP/5C.png"},
			{"file": "FLIP_FP/5D.png"},
			{"file": "FLIP_FP/5E.png"},
			{"file": "FLIP_FP/5F.png"},
			{"file": "FLIP_FP/5G.png"},
			{"file": "FLIP_FP/5H.png"},
			{"file": "FLIP_FP/5I.png"},
			{"file": "FLIP_FP/5J.png"}
			]
			],
		
				"td":
				[
				[
				{"file": "FLIP_TD/1A.png"},
				{"file": "FLIP_TD/1B.png"},
				{"file": "FLIP_TD/1C.png"},
				{"file": "FLIP_TD/1D.png"},
				{"file": "FLIP_TD/1E.png"},
				{"file": "FLIP_TD/1F.png"},
				{"file": "FLIP_TD/1G.png"},
				{"file": "FLIP_TD/1H.png"},
				{"file": "FLIP_TD/1I.png"},
				{"file": "FLIP_TD/1J.png"}
				],
				[
				{"file": "FLIP_TD/2A.png"},
				{"file": "FLIP_TD/2B.png"},
				{"file": "FLIP_TD/2C.png"},
				{"file": "FLIP_TD/2D.png"},
				{"file": "FLIP_TD/2E.png"},
				{"file": "FLIP_TD/2F.png"},
				{"file": "FLIP_TD/2G.png"},
				{"file": "FLIP_TD/2H.png"},
				{"file": "FLIP_TD/2I.png"},
				{"file": "FLIP_TD/2J.png"}
				],
				[
				{"file": "FLIP_TD/3A.png"},
				{"file": "FLIP_TD/3B.png"},
				{"file": "FLIP_TD/3C.png"},
				{"file": "FLIP_TD/3D.png"},
				{"file": "FLIP_TD/3E.png"},
				{"file": "FLIP_TD/3F.png"},
				{"file": "FLIP_TD/3G.png"},
				{"file": "FLIP_TD/3H.png"},
				{"file": "FLIP_TD/3I.png"},
				{"file": "FLIP_TD/3J.png"}
				],
				[
				{"file": "FLIP_TD/4A.png"},
				{"file": "FLIP_TD/4B.png"},
				{"file": "FLIP_TD/4C.png"},
				{"file": "FLIP_TD/4D.png"},
				{"file": "FLIP_TD/4E.png"},
				{"file": "FLIP_TD/4F.png"},
				{"file": "FLIP_TD/4G.png"},
				{"file": "FLIP_TD/4H.png"},
				{"file": "FLIP_TD/4I.png"},
				{"file": "FLIP_TD/4J.png"}
				],
				[
				{"file": "FLIP_TD/5A.png"},
				{"file": "FLIP_TD/5B.png"},
				{"file": "FLIP_TD/5C.png"},
				{"file": "FLIP_TD/5D.png"},
				{"file": "FLIP_TD/5E.png"},
				{"file": "FLIP_TD/5F.png"},
				{"file": "FLIP_TD/5G.png"},
				{"file": "FLIP_TD/5H.png"},
				{"file": "FLIP_TD/5I.png"},
				{"file": "FLIP_TD/5J.png"}
				]
				
				]
		},
		{
			"name": "CHICK_FLIP_SHORT",
			"rotatable": true,
			"fp_offset_x": 36,
			"fp_offset_y": 50,
			"td_offset_x": 28,
			"td_offset_y": 25,
			
				"fp":
				[
				[
				{"file": "FLIP_FP/1A.png"},
				{"file": "FLIP_FP/1C.png"},
				{"file": "FLIP_FP/1E.png"},
				{"file": "FLIP_FP/1G.png"},
				{"file": "FLIP_FP/1I.png"}
				],
				[
				{"file": "FLIP_FP/2A.png"},
				{"file": "FLIP_FP/2C.png"},
				{"file": "FLIP_FP/2E.png"},
				{"file": "FLIP_FP/2G.png"},
				{"file": "FLIP_FP/2I.png"}
				],
				[
				{"file": "FLIP_FP/3A.png"},
				{"file": "FLIP_FP/3C.png"},
				{"file": "FLIP_FP/3E.png"},
				{"file": "FLIP_FP/3G.png"},
				{"file": "FLIP_FP/3I.png"}
				],
				[
				{"file": "FLIP_FP/4A.png"},
				{"file": "FLIP_FP/4C.png"},
				{"file": "FLIP_FP/4E.png"},
				{"file": "FLIP_FP/4G.png"},
				{"file": "FLIP_FP/4I.png"}
				],
				[
				{"file": "FLIP_FP/5A.png"},
				{"file": "FLIP_FP/5C.png"},
				{"file": "FLIP_FP/5E.png"},
				{"file": "FLIP_FP/5G.png"},
				{"file": "FLIP_FP/5I.png"}
				]
				],
			
					"td":
					[
					[
					{"file": "FLIP_TD/1A.png"},
					{"file": "FLIP_TD/1C.png"},
					{"file": "FLIP_TD/1E.png"},
					{"file": "FLIP_TD/1G.png"},
					{"file": "FLIP_TD/1I.png"}
					],
					[
					{"file": "FLIP_TD/2A.png"},
					{"file": "FLIP_TD/2C.png"},
					{"file": "FLIP_TD/2E.png"},
					{"file": "FLIP_TD/2G.png"},
					{"file": "FLIP_TD/2I.png"}
					],
					[
					{"file": "FLIP_TD/3A.png"},
					{"file": "FLIP_TD/3C.png"},
					{"file": "FLIP_TD/3E.png"},
					{"file": "FLIP_TD/3G.png"},
					{"file": "FLIP_TD/3I.png"}
					],
					[
					{"file": "FLIP_TD/4A.png"},
					{"file": "FLIP_TD/4C.png"},
					{"file": "FLIP_TD/4E.png"},
					{"file": "FLIP_TD/4G.png"},
					{"file": "FLIP_TD/4I.png"}
					],
					[
					{"file": "FLIP_TD/5A.png"},
					{"file": "FLIP_TD/5C.png"},
					{"file": "FLIP_TD/5E.png"},
					{"file": "FLIP_TD/5G.png"},
					{"file": "FLIP_TD/5I.png"}
					]
					
					]
			},
				
{
"name": "REDCHICK_WALK",
"rotatable": true,
"fp_offset_x": 14,
"fp_offset_y": 30,
"td_offset_x": 10,
"td_offset_y": 18,

	"fp":
	[
	[
	{"file": "WALK_FP/r1frame01.png"},
	{"file": "WALK_FP/r1frame02.png"},
	{"file": "WALK_FP/r1frame03.png"},
	{"file": "WALK_FP/r1frame04.png"},
	{"file": "WALK_FP/r1frame05.png"},
	{"file": "WALK_FP/r1frame06.png"}
	],
	[
		{"file": "WALK_FP/r2frame01.png"},
		{"file": "WALK_FP/r2frame02.png"},
		{"file": "WALK_FP/r2frame03.png"},
		{"file": "WALK_FP/r2frame04.png"},
		{"file": "WALK_FP/r2frame05.png"},
		{"file": "WALK_FP/r2frame06.png"}
	],
	[
		{"file": "WALK_FP/r3frame01.png"},
		{"file": "WALK_FP/r3frame02.png"},
		{"file": "WALK_FP/r3frame03.png"},
		{"file": "WALK_FP/r3frame04.png"},
		{"file": "WALK_FP/r3frame05.png"},
		{"file": "WALK_FP/r3frame06.png"}
	],
	[
		{"file": "WALK_FP/r4frame01.png"},
		{"file": "WALK_FP/r4frame02.png"},
		{"file": "WALK_FP/r4frame03.png"},
		{"file": "WALK_FP/r4frame04.png"},
		{"file": "WALK_FP/r4frame05.png"},
		{"file": "WALK_FP/r4frame06.png"}
	],
	[
		{"file": "WALK_FP/r5frame01.png"},
		{"file": "WALK_FP/r5frame02.png"},
		{"file": "WALK_FP/r5frame03.png"},
		{"file": "WALK_FP/r5frame04.png"},
		{"file": "WALK_FP/r5frame05.png"},
		{"file": "WALK_FP/r5frame06.png"}
	]
	],

		"td":
		[
		[
		{"file": "WALK_TD/r1frame01.png"},
		{"file": "WALK_TD/r1frame02.png"},
		{"file": "WALK_TD/r1frame03.png"},
		{"file": "WALK_TD/r1frame04.png"},
		{"file": "WALK_TD/r1frame05.png"},
		{"file": "WALK_TD/r1frame06.png"}
		],
		[
			{"file": "WALK_TD/r2frame01.png"},
			{"file": "WALK_TD/r2frame02.png"},
			{"file": "WALK_TD/r2frame03.png"},
			{"file": "WALK_TD/r2frame04.png"},
			{"file": "WALK_TD/r2frame05.png"},
			{"file": "WALK_TD/r2frame06.png"}
		],
		[
			{"file": "WALK_TD/r3frame01.png"},
			{"file": "WALK_TD/r3frame02.png"},
			{"file": "WALK_TD/r3frame03.png"},
			{"file": "WALK_TD/r3frame04.png"},
			{"file": "WALK_TD/r3frame05.png"},
			{"file": "WALK_TD/r3frame06.png"}
		],
		[
			{"file": "WALK_TD/r4frame01.png"},
			{"file": "WALK_TD/r4frame02.png"},
			{"file": "WALK_TD/r4frame03.png"},
			{"file": "WALK_TD/r4frame04.png"},
			{"file": "WALK_TD/r4frame05.png"},
			{"file": "WALK_TD/r4frame06.png"}
		],
		[
			{"file": "WALK_TD/r5frame01.png"},
			{"file": "WALK_TD/r5frame02.png"},
			{"file": "WALK_TD/r5frame03.png"},
			{"file": "WALK_TD/r5frame04.png"},
			{"file": "WALK_TD/r5frame05.png"},
			{"file": "WALK_TD/r5frame06.png"}
		]
		]
	}


]