[
	{
		"name": "SENTRY_STAND",
		"rotatable": true,
		"fp_offset_x": 51,
		"fp_offset_y": 67,
		"td_offset_x": 43,
		"td_offset_y": 48,
		"fp": [
			[
				{
					"file": "stand_fp/rotation01_frame01.png"
				},
				{
					"file": "stand_fp/rotation01_frame02.png"
				},
				{
					"file": "stand_fp/rotation01_frame03.png"
				},
				{
					"file": "stand_fp/rotation01_frame04.png"
				},
				{
					"file": "stand_fp/rotation01_frame05.png"
				},
				{
					"file": "stand_fp/rotation01_frame06.png"
				}
			],
			[
				{
					"file": "stand_fp/rotation02_frame01.png"
				},
				{
					"file": "stand_fp/rotation02_frame02.png"
				},
				{
					"file": "stand_fp/rotation02_frame03.png"
				},
				{
					"file": "stand_fp/rotation02_frame04.png"
				},
				{
					"file": "stand_fp/rotation02_frame05.png"
				},
				{
					"file": "stand_fp/rotation02_frame06.png"
				}
			],
			[
				{
					"file": "stand_fp/rotation03_frame01.png"
				},
				{
					"file": "stand_fp/rotation03_frame02.png"
				},
				{
					"file": "stand_fp/rotation03_frame03.png"
				},
				{
					"file": "stand_fp/rotation03_frame04.png"
				},
				{
					"file": "stand_fp/rotation03_frame05.png"
				},
				{
					"file": "stand_fp/rotation03_frame06.png"
				}
			],
			[
				{
					"file": "stand_fp/rotation04_frame01.png"
				},
				{
					"file": "stand_fp/rotation04_frame02.png"
				},
				{
					"file": "stand_fp/rotation04_frame03.png"
				},
				{
					"file": "stand_fp/rotation04_frame04.png"
				},
				{
					"file": "stand_fp/rotation04_frame05.png"
				},
				{
					"file": "stand_fp/rotation04_frame06.png"
				}
			],
			[
				{
					"file": "stand_fp/rotation05_frame01.png"
				},
				{
					"file": "stand_fp/rotation05_frame02.png"
				},
				{
					"file": "stand_fp/rotation05_frame03.png"
				},
				{
					"file": "stand_fp/rotation05_frame04.png"
				},
				{
					"file": "stand_fp/rotation05_frame05.png"
				},
				{
					"file": "stand_fp/rotation05_frame06.png"
				}
			]
		],
		"td": [
			[
				{
					"file": "stand_td/rotation01_frame01.png"
				},
				{
					"file": "stand_td/rotation01_frame02.png"
				},
				{
					"file": "stand_td/rotation01_frame03.png"
				},
				{
					"file": "stand_td/rotation01_frame04.png"
				},
				{
					"file": "stand_td/rotation01_frame05.png"
				},
				{
					"file": "stand_td/rotation01_frame06.png"
				}
			],
			[
				{
					"file": "stand_td/rotation02_frame01.png"
				},
				{
					"file": "stand_td/rotation02_frame02.png"
				},
				{
					"file": "stand_td/rotation02_frame03.png"
				},
				{
					"file": "stand_td/rotation02_frame04.png"
				},
				{
					"file": "stand_td/rotation02_frame05.png"
				},
				{
					"file": "stand_td/rotation02_frame06.png"
				}
			],
			[
				{
					"file": "stand_td/rotation03_frame01.png"
				},
				{
					"file": "stand_td/rotation03_frame02.png"
				},
				{
					"file": "stand_td/rotation03_frame03.png"
				},
				{
					"file": "stand_td/rotation03_frame04.png"
				},
				{
					"file": "stand_td/rotation03_frame05.png"
				},
				{
					"file": "stand_td/rotation03_frame06.png"
				}
			],
			[
				{
					"file": "stand_td/rotation04_frame01.png"
				},
				{
					"file": "stand_td/rotation04_frame02.png"
				},
				{
					"file": "stand_td/rotation04_frame03.png"
				},
				{
					"file": "stand_td/rotation04_frame04.png"
				},
				{
					"file": "stand_td/rotation04_frame05.png"
				},
				{
					"file": "stand_td/rotation04_frame06.png"
				}
			],
			[
				{
					"file": "stand_td/rotation05_frame01.png"
				},
				{
					"file": "stand_td/rotation05_frame02.png"
				},
				{
					"file": "stand_td/rotation05_frame03.png"
				},
				{
					"file": "stand_td/rotation05_frame04.png"
				},
				{
					"file": "stand_td/rotation05_frame05.png"
				},
				{
					"file": "stand_td/rotation05_frame06.png"
				}
			]
		]
	},
	{
		"name": "SENTRY_WALK",
		"rotatable": true,
		"fp_offset_x": 51,
		"fp_offset_y": 82,
		"td_offset_x": 43,
		"td_offset_y": 57,
		"fp": [
			[
				{
					"file": "walk_fp/rotation01_frame01.png"
				},
				{
					"file": "walk_fp/rotation01_frame02.png"
				},
				{
					"file": "walk_fp/rotation01_frame03.png"
				},
				{
					"file": "walk_fp/rotation01_frame04.png"
				},
				{
					"file": "walk_fp/rotation01_frame05.png"
				},
				{
					"file": "walk_fp/rotation01_frame06.png"
				}
			],
			[
				{
					"file": "walk_fp/rotation02_frame01.png"
				},
				{
					"file": "walk_fp/rotation02_frame02.png"
				},
				{
					"file": "walk_fp/rotation02_frame03.png"
				},
				{
					"file": "walk_fp/rotation02_frame04.png"
				},
				{
					"file": "walk_fp/rotation02_frame05.png"
				},
				{
					"file": "walk_fp/rotation02_frame06.png"
				}
			],
			[
				{
					"file": "walk_fp/rotation03_frame01.png"
				},
				{
					"file": "walk_fp/rotation03_frame02.png"
				},
				{
					"file": "walk_fp/rotation03_frame03.png"
				},
				{
					"file": "walk_fp/rotation03_frame04.png"
				},
				{
					"file": "walk_fp/rotation03_frame05.png"
				},
				{
					"file": "walk_fp/rotation03_frame06.png"
				}
			],
			[
				{
					"file": "walk_fp/rotation04_frame01.png"
				},
				{
					"file": "walk_fp/rotation04_frame02.png"
				},
				{
					"file": "walk_fp/rotation04_frame03.png"
				},
				{
					"file": "walk_fp/rotation04_frame04.png"
				},
				{
					"file": "walk_fp/rotation04_frame05.png"
				},
				{
					"file": "walk_fp/rotation04_frame06.png"
				}
			],
			[
				{
					"file": "walk_fp/rotation05_frame01.png"
				},
				{
					"file": "walk_fp/rotation05_frame02.png"
				},
				{
					"file": "walk_fp/rotation05_frame03.png"
				},
				{
					"file": "walk_fp/rotation05_frame04.png"
				},
				{
					"file": "walk_fp/rotation05_frame05.png"
				},
				{
					"file": "walk_fp/rotation05_frame06.png"
				}
			]
		],
		"td": [
			[
				{
					"file": "walk_td/rotation01_frame01.png"
				},
				{
					"file": "walk_td/rotation01_frame02.png"
				},
				{
					"file": "walk_td/rotation01_frame03.png"
				},
				{
					"file": "walk_td/rotation01_frame04.png"
				},
				{
					"file": "walk_td/rotation01_frame05.png"
				},
				{
					"file": "walk_td/rotation01_frame06.png"
				}
			],
			[
				{
					"file": "walk_td/rotation02_frame01.png"
				},
				{
					"file": "walk_td/rotation02_frame02.png"
				},
				{
					"file": "walk_td/rotation02_frame03.png"
				},
				{
					"file": "walk_td/rotation02_frame04.png"
				},
				{
					"file": "walk_td/rotation02_frame05.png"
				},
				{
					"file": "walk_td/rotation02_frame06.png"
				}
			],
			[
				{
					"file": "walk_td/rotation03_frame01.png"
				},
				{
					"file": "walk_td/rotation03_frame02.png"
				},
				{
					"file": "walk_td/rotation03_frame03.png"
				},
				{
					"file": "walk_td/rotation03_frame04.png"
				},
				{
					"file": "walk_td/rotation03_frame05.png"
				},
				{
					"file": "walk_td/rotation03_frame06.png"
				}
			],
			[
				{
					"file": "walk_td/rotation04_frame01.png"
				},
				{
					"file": "walk_td/rotation04_frame02.png"
				},
				{
					"file": "walk_td/rotation04_frame03.png"
				},
				{
					"file": "walk_td/rotation04_frame04.png"
				},
				{
					"file": "walk_td/rotation04_frame05.png"
				},
				{
					"file": "walk_td/rotation04_frame06.png"
				}
			],
			[
				{
					"file": "walk_td/rotation05_frame01.png"
				},
				{
					"file": "walk_td/rotation05_frame02.png"
				},
				{
					"file": "walk_td/rotation05_frame03.png"
				},
				{
					"file": "walk_td/rotation05_frame04.png"
				},
				{
					"file": "walk_td/rotation05_frame05.png"
				},
				{
					"file": "walk_td/rotation05_frame06.png"
				}
			]
		]
	},
	{
		"name": "SENTRY_ATTACK",
		"rotatable": true,
		"fp_offset_x": 51,
		"fp_offset_y": 64,
		"td_offset_x": 42,
		"td_offset_y": 50,
		"fp": [
			[
				{
					"file": "attack_fp/rotation01_frame01.png"
				}
			],
			[
				{
					"file": "attack_fp/rotation02_frame01.png"
				}
			],
			[
				{
					"file": "attack_fp/rotation03_frame01.png"
				}
			],
			[
				{
					"file": "attack_fp/rotation04_frame01.png"
				}
			],
			[
				{
					"file": "attack_fp/rotation05_frame01.png"
				}
			]
		],
		"td": [
			[
				{
					"file": "attack_td/rotation01_frame01.png"
				}
			],
			[
				{
					"file": "attack_td/rotation02_frame01.png"
				}
			],
			[
				{
					"file": "attack_td/rotation03_frame01.png"
				}
			],
			[
				{
					"file": "attack_td/rotation04_frame01.png"
				}
			],
			[
				{
					"file": "attack_td/rotation05_frame01.png"
				}
			]
		]
	}
]