[
	{
		"name": "TRIGGER_TRAP_TRIGGERED_STAND",
		"rotatable": true,
		"fp_offset_x": 21,
		"fp_offset_y": 69,
		"td_offset_x": 18,
		"td_offset_y": 42,
		"fp": [
			[
				{
					"file": "stand_fp/rotation01_frame01.png"
				}
			],
			[
				{
					"file": "stand_fp/rotation02_frame01.png"
				}
			],
			[
				{
					"file": "stand_fp/rotation03_frame01.png"
				}
			],
			[
				{
					"file": "stand_fp/rotation04_frame01.png"
				}
			],
			[
				{
					"file": "stand_fp/rotation05_frame01.png"
				}
			]
		],
		"td": [
			[
				{
					"file": "stand_td/rotation01_frame01.png"
				}
			],
			[
				{
					"file": "stand_td/rotation02_frame01.png"
				}
			],
			[
				{
					"file": "stand_td/rotation03_frame01.png"
				}
			],
			[
				{
					"file": "stand_td/rotation04_frame01.png"
				}
			],
			[
				{
					"file": "stand_td/rotation05_frame01.png"
				}
			]
		]
	},
	{
		"name": "TRIGGER_TRAP_TRIGGERED_WALK",
		"rotatable": true,
		"fp_offset_x": 21,
		"fp_offset_y": 69,
		"td_offset_x": 18,
		"td_offset_y": 42,
		"fp": [
			[
				{
					"file": "walk_fp/rotation01_frame01.png"
				}
			],
			[
				{
					"file": "walk_fp/rotation02_frame01.png"
				}
			],
			[
				{
					"file": "walk_fp/rotation03_frame01.png"
				}
			],
			[
				{
					"file": "walk_fp/rotation04_frame01.png"
				}
			],
			[
				{
					"file": "walk_fp/rotation05_frame01.png"
				}
			]
		],
		"td": [
			[
				{
					"file": "walk_td/rotation01_frame01.png"
				}
			],
			[
				{
					"file": "walk_td/rotation02_frame01.png"
				}
			],
			[
				{
					"file": "walk_td/rotation03_frame01.png"
				}
			],
			[
				{
					"file": "walk_td/rotation04_frame01.png"
				}
			],
			[
				{
					"file": "walk_td/rotation05_frame01.png"
				}
			]
		]
	}
]