[
	{
		"name": "SENTRYEVIL_STAND",
		"rotatable": true,
		"fp_offset_x": 38,
		"fp_offset_y": 62,
		"td_offset_x": 31,
		"td_offset_y": 52,
		"fp": [
			[
				{
					"file": "stand_fp/rotation01_frame01.png"
				}
			],
			[
				{
					"file": "stand_fp/rotation02_frame01.png"
				}
			],
			[
				{
					"file": "stand_fp/rotation03_frame01.png"
				}
			],
			[
				{
					"file": "stand_fp/rotation04_frame01.png"
				}
			],
			[
				{
					"file": "stand_fp/rotation05_frame01.png"
				}
			]
		],
		"td": [
			[
				{
					"file": "stand_td/rotation01_frame01.png"
				}
			],
			[
				{
					"file": "stand_td/rotation02_frame01.png"
				}
			],
			[
				{
					"file": "stand_td/rotation03_frame01.png"
				}
			],
			[
				{
					"file": "stand_td/rotation04_frame01.png"
				}
			],
			[
				{
					"file": "stand_td/rotation05_frame01.png"
				}
			]
		]
	},
	{
		"name": "SENTRYEVIL_WALK",
		"rotatable": true,
		"fp_offset_x": 39,
		"fp_offset_y": 76,
		"td_offset_x": 33,
		"td_offset_y": 57,
		"fp": [
			[
				{
					"file": "walk_fp/rotation01_frame01.png"
				},
				{
					"file": "walk_fp/rotation01_frame02.png"
				},
				{
					"file": "walk_fp/rotation01_frame03.png"
				},
				{
					"file": "walk_fp/rotation01_frame04.png"
				},
				{
					"file": "walk_fp/rotation01_frame05.png"
				},
				{
					"file": "walk_fp/rotation01_frame06.png"
				}
			],
			[
				{
					"file": "walk_fp/rotation02_frame01.png"
				},
				{
					"file": "walk_fp/rotation02_frame02.png"
				},
				{
					"file": "walk_fp/rotation02_frame03.png"
				},
				{
					"file": "walk_fp/rotation02_frame04.png"
				},
				{
					"file": "walk_fp/rotation02_frame05.png"
				},
				{
					"file": "walk_fp/rotation02_frame06.png"
				}
			],
			[
				{
					"file": "walk_fp/rotation03_frame01.png"
				},
				{
					"file": "walk_fp/rotation03_frame02.png"
				},
				{
					"file": "walk_fp/rotation03_frame03.png"
				},
				{
					"file": "walk_fp/rotation03_frame04.png"
				},
				{
					"file": "walk_fp/rotation03_frame05.png"
				},
				{
					"file": "walk_fp/rotation03_frame06.png"
				}
			],
			[
				{
					"file": "walk_fp/rotation04_frame01.png"
				},
				{
					"file": "walk_fp/rotation04_frame02.png"
				},
				{
					"file": "walk_fp/rotation04_frame03.png"
				},
				{
					"file": "walk_fp/rotation04_frame04.png"
				},
				{
					"file": "walk_fp/rotation04_frame05.png"
				},
				{
					"file": "walk_fp/rotation04_frame06.png"
				}
			],
			[
				{
					"file": "walk_fp/rotation05_frame01.png"
				},
				{
					"file": "walk_fp/rotation05_frame02.png"
				},
				{
					"file": "walk_fp/rotation05_frame03.png"
				},
				{
					"file": "walk_fp/rotation05_frame04.png"
				},
				{
					"file": "walk_fp/rotation05_frame05.png"
				},
				{
					"file": "walk_fp/rotation05_frame06.png"
				}
			]
		],
		"td": [
			[
				{
					"file": "walk_td/rotation01_frame01.png"
				},
				{
					"file": "walk_td/rotation01_frame02.png"
				},
				{
					"file": "walk_td/rotation01_frame03.png"
				},
				{
					"file": "walk_td/rotation01_frame04.png"
				},
				{
					"file": "walk_td/rotation01_frame05.png"
				},
				{
					"file": "walk_td/rotation01_frame06.png"
				}
			],
			[
				{
					"file": "walk_td/rotation02_frame01.png"
				},
				{
					"file": "walk_td/rotation02_frame02.png"
				},
				{
					"file": "walk_td/rotation02_frame03.png"
				},
				{
					"file": "walk_td/rotation02_frame04.png"
				},
				{
					"file": "walk_td/rotation02_frame05.png"
				},
				{
					"file": "walk_td/rotation02_frame06.png"
				}
			],
			[
				{
					"file": "walk_td/rotation03_frame01.png"
				},
				{
					"file": "walk_td/rotation03_frame02.png"
				},
				{
					"file": "walk_td/rotation03_frame03.png"
				},
				{
					"file": "walk_td/rotation03_frame04.png"
				},
				{
					"file": "walk_td/rotation03_frame05.png"
				},
				{
					"file": "walk_td/rotation03_frame06.png"
				}
			],
			[
				{
					"file": "walk_td/rotation04_frame01.png"
				},
				{
					"file": "walk_td/rotation04_frame02.png"
				},
				{
					"file": "walk_td/rotation04_frame03.png"
				},
				{
					"file": "walk_td/rotation04_frame04.png"
				},
				{
					"file": "walk_td/rotation04_frame05.png"
				},
				{
					"file": "walk_td/rotation04_frame06.png"
				}
			],
			[
				{
					"file": "walk_td/rotation05_frame01.png"
				},
				{
					"file": "walk_td/rotation05_frame02.png"
				},
				{
					"file": "walk_td/rotation05_frame03.png"
				},
				{
					"file": "walk_td/rotation05_frame04.png"
				},
				{
					"file": "walk_td/rotation05_frame05.png"
				},
				{
					"file": "walk_td/rotation05_frame06.png"
				}
			]
		]
	}
]