[

{
"name": "WARLOCK_STAND",
"rotatable": true,
"td_offset_x": 25,"td_offset_y": 68,
"fp_offset_x": 29,"fp_offset_y": 89,

	"fp":
	[
	[{"file": "IDLE_FP/1A.png"}],
	[{"file": "IDLE_FP/2A.png"}],
	[{"file": "IDLE_FP/3A.png"}],
	[{"file": "IDLE_FP/4A.png"}],
	[{"file": "IDLE_FP/5A.png"}]
	],
		"td":
		[
		[{"file": "IDLE_TD/1A.png"}],
		[{"file": "IDLE_TD/2A.png"}],
		[{"file": "IDLE_TD/3A.png"}],
		[{"file": "IDLE_TD/4A.png"}],
		[{"file": "IDLE_TD/5A.png"}]
		]
},






{
"name": "WARLOCK_HIT",
"rotatable": true,
"fp_offset_x": 34,"fp_offset_y": 95,
"td_offset_x": 33,"td_offset_y": 67,

"fp":
[
	[{"file": "HIT_FP/1A.png"}],
	[{"file": "HIT_FP/2A.png"}],
	[{"file": "HIT_FP/3A.png"}],
	[{"file": "HIT_FP/4A.png"}],
	[{"file": "HIT_FP/5A.png"}]
	],
		"td":
		[
		[{"file": "HIT_TD/1A.png"}],
		[{"file": "HIT_TD/2A.png"}],
		[{"file": "HIT_TD/3A.png"}],
		[{"file": "HIT_TD/4A.png"}],
		[{"file": "HIT_TD/5A.png"}]
		]
},







{
"name": "WARLOCK_WALK",
"rotatable": true,
"fp_offset_x": 27,"fp_offset_y": 84,
"td_offset_x": 24,"td_offset_y": 65,

	"fp":
	[
	[
	{"file": "WALK_FP/1A.png"},
	{"file": "WALK_FP/1B.png"},
	{"file": "WALK_FP/1C.png"},
	{"file": "WALK_FP/1D.png"},
	{"file": "WALK_FP/1E.png"},
	{"file": "WALK_FP/1F.png"}
	],
	[
	{"file": "WALK_FP/2A.png"},
	{"file": "WALK_FP/2B.png"},
	{"file": "WALK_FP/2C.png"},
	{"file": "WALK_FP/2D.png"},
	{"file": "WALK_FP/2E.png"},
	{"file": "WALK_FP/2F.png"}
	],
	[
	{"file": "WALK_FP/3A.png"},
	{"file": "WALK_FP/3B.png"},
	{"file": "WALK_FP/3C.png"},
	{"file": "WALK_FP/3D.png"},
	{"file": "WALK_FP/3E.png"},
	{"file": "WALK_FP/3F.png"}
	],
	[
	{"file": "WALK_FP/4A.png"},
	{"file": "WALK_FP/4B.png"},
	{"file": "WALK_FP/4C.png"},
	{"file": "WALK_FP/4D.png"},
	{"file": "WALK_FP/4E.png"},
	{"file": "WALK_FP/4F.png"}
	],
	[
	{"file": "WALK_FP/5A.png"},
	{"file": "WALK_FP/5B.png"},
	{"file": "WALK_FP/5C.png"},
	{"file": "WALK_FP/5D.png"},
	{"file": "WALK_FP/5E.png"},
	{"file": "WALK_FP/5F.png"}
	]
	],

		"td":
		[
		[
		{"file": "WALK_TD/1A.png"},
		{"file": "WALK_TD/1B.png"},
		{"file": "WALK_TD/1C.png"},
		{"file": "WALK_TD/1D.png"},
		{"file": "WALK_TD/1E.png"},
		{"file": "WALK_TD/1F.png"}
		],
		[
		{"file": "WALK_TD/2A.png"},
		{"file": "WALK_TD/2B.png"},
		{"file": "WALK_TD/2C.png"},
		{"file": "WALK_TD/2D.png"},
		{"file": "WALK_TD/2E.png"},
		{"file": "WALK_TD/2F.png"}
		],
		[
		{"file": "WALK_TD/3A.png"},
		{"file": "WALK_TD/3B.png"},
		{"file": "WALK_TD/3C.png"},
		{"file": "WALK_TD/3D.png"},
		{"file": "WALK_TD/3E.png"},
		{"file": "WALK_TD/3F.png"}
		],
		[
		{"file": "WALK_TD/4A.png"},
		{"file": "WALK_TD/4B.png"},
		{"file": "WALK_TD/4C.png"},
		{"file": "WALK_TD/4D.png"},
		{"file": "WALK_TD/4E.png"},
		{"file": "WALK_TD/4F.png"}
		],
		[
		{"file": "WALK_TD/5A.png"},
		{"file": "WALK_TD/5B.png"},
		{"file": "WALK_TD/5C.png"},
		{"file": "WALK_TD/5D.png"},
		{"file": "WALK_TD/5E.png"},
		{"file": "WALK_TD/5F.png"}
		]
		
		]
},
		









{
"name": "WARLOCK_ATTACK",
"rotatable": true,
"fp_offset_x": 49,"fp_offset_y": 103,
"td_offset_x": 47,"td_offset_y": 89,

	"fp":
	[
	[
	{"file": "MELEE_FP/1A.png"},
	{"file": "MELEE_FP/1B.png"},
	{"file": "MELEE_FP/1C.png"},
	{"file": "MELEE_FP/1D.png"},
	{"file": "MELEE_FP/1E.png"},
	{"file": "MELEE_FP/1F.png"},
	{"file": "MELEE_FP/1G.png"},
	{"file": "MELEE_FP/1H.png"}
	],
	[
	{"file": "MELEE_FP/2A.png"},
	{"file": "MELEE_FP/2B.png"},
	{"file": "MELEE_FP/2C.png"},
	{"file": "MELEE_FP/2D.png"},
	{"file": "MELEE_FP/2E.png"},
	{"file": "MELEE_FP/2F.png"},
	{"file": "MELEE_FP/2G.png"},
	{"file": "MELEE_FP/2H.png"}
	],
	[
	{"file": "MELEE_FP/3A.png"},
	{"file": "MELEE_FP/3B.png"},
	{"file": "MELEE_FP/3C.png"},
	{"file": "MELEE_FP/3D.png"},
	{"file": "MELEE_FP/3E.png"},
	{"file": "MELEE_FP/3F.png"},
	{"file": "MELEE_FP/3G.png"},
	{"file": "MELEE_FP/3H.png"}
	],
	[
	{"file": "MELEE_FP/4A.png"},
	{"file": "MELEE_FP/4B.png"},
	{"file": "MELEE_FP/4C.png"},
	{"file": "MELEE_FP/4D.png"},
	{"file": "MELEE_FP/4E.png"},
	{"file": "MELEE_FP/4F.png"},
	{"file": "MELEE_FP/4G.png"},
	{"file": "MELEE_FP/4H.png"}
	],
	[
	{"file": "MELEE_FP/5A.png"},
	{"file": "MELEE_FP/5B.png"},
	{"file": "MELEE_FP/5C.png"},
	{"file": "MELEE_FP/5D.png"},
	{"file": "MELEE_FP/5E.png"},
	{"file": "MELEE_FP/5F.png"},
	{"file": "MELEE_FP/5G.png"},
	{"file": "MELEE_FP/5H.png"}
	]
	],
		"td":
		[
		[
		{"file": "MELEE_TD/1A.png"},
		{"file": "MELEE_TD/1B.png"},
		{"file": "MELEE_TD/1C.png"},
		{"file": "MELEE_TD/1D.png"},
		{"file": "MELEE_TD/1E.png"},
		{"file": "MELEE_TD/1F.png"},
		{"file": "MELEE_TD/1G.png"},
		{"file": "MELEE_TD/1H.png"}
		],

		[
		{"file": "MELEE_TD/2A.png"},
		{"file": "MELEE_TD/2B.png"},
		{"file": "MELEE_TD/2C.png"},
		{"file": "MELEE_TD/2D.png"},
		{"file": "MELEE_TD/2E.png"},
		{"file": "MELEE_TD/2F.png"},
		{"file": "MELEE_TD/2G.png"},
		{"file": "MELEE_TD/2H.png"}
		],
				
		[
		{"file": "MELEE_TD/3A.png"},
		{"file": "MELEE_TD/3B.png"},
		{"file": "MELEE_TD/3C.png"},
		{"file": "MELEE_TD/3D.png"},
		{"file": "MELEE_TD/3E.png"},
		{"file": "MELEE_TD/3F.png"},
		{"file": "MELEE_TD/3G.png"},
		{"file": "MELEE_TD/3H.png"}
		],

		[
		{"file": "MELEE_TD/4A.png"},
		{"file": "MELEE_TD/4B.png"},
		{"file": "MELEE_TD/4C.png"},
		{"file": "MELEE_TD/4D.png"},
		{"file": "MELEE_TD/4E.png"},
		{"file": "MELEE_TD/4F.png"},
		{"file": "MELEE_TD/4G.png"},
		{"file": "MELEE_TD/4H.png"}
		],

		[
		{"file": "MELEE_TD/5A.png"},
		{"file": "MELEE_TD/5B.png"},
		{"file": "MELEE_TD/5C.png"},
		{"file": "MELEE_TD/5D.png"},
		{"file": "MELEE_TD/5E.png"},
		{"file": "MELEE_TD/5F.png"},
		{"file": "MELEE_TD/5G.png"},
		{"file": "MELEE_TD/5H.png"}
		]
		]
},








{
"name": "WARLOCK_SPELL",
"rotatable": true,
"fp_offset_x": 66,"fp_offset_y": 79,
"td_offset_x": 65,"td_offset_y": 67,

	"fp":
	[
	[
	{"file": "SPELL_FP/1A.png"},
	{"file": "SPELL_FP/1B.png"},
	{"file": "SPELL_FP/1C.png"},
	{"file": "SPELL_FP/1D.png"},
	{"file": "SPELL_FP/1E.png"},
	{"file": "SPELL_FP/1F.png"}
	],
	[
	{"file": "SPELL_FP/2A.png"},
	{"file": "SPELL_FP/2B.png"},
	{"file": "SPELL_FP/2C.png"},
	{"file": "SPELL_FP/2D.png"},
	{"file": "SPELL_FP/2E.png"},
	{"file": "SPELL_FP/2F.png"}
	],
	[
	{"file": "SPELL_FP/3A.png"},
	{"file": "SPELL_FP/3B.png"},
	{"file": "SPELL_FP/3C.png"},
	{"file": "SPELL_FP/3D.png"},
	{"file": "SPELL_FP/3E.png"},
	{"file": "SPELL_FP/3F.png"}
	],
	[
	{"file": "SPELL_FP/4A.png"},
	{"file": "SPELL_FP/4B.png"},
	{"file": "SPELL_FP/4C.png"},
	{"file": "SPELL_FP/4D.png"},
	{"file": "SPELL_FP/4E.png"},
	{"file": "SPELL_FP/4F.png"}
	],
	[
	{"file": "SPELL_FP/5A.png"},
	{"file": "SPELL_FP/5B.png"},
	{"file": "SPELL_FP/5C.png"},
	{"file": "SPELL_FP/5D.png"},
	{"file": "SPELL_FP/5E.png"},
	{"file": "SPELL_FP/5F.png"}
	]
	],
		"td":
		[
		[
		{"file": "SPELL_TD/1A.png"},
		{"file": "SPELL_TD/1B.png"},
		{"file": "SPELL_TD/1C.png"},
		{"file": "SPELL_TD/1D.png"},
		{"file": "SPELL_TD/1E.png"},
		{"file": "SPELL_TD/1F.png"}
		],

		[
		{"file": "SPELL_TD/2A.png"},
		{"file": "SPELL_TD/2B.png"},
		{"file": "SPELL_TD/2C.png"},
		{"file": "SPELL_TD/2D.png"},
		{"file": "SPELL_TD/2E.png"},
		{"file": "SPELL_TD/2F.png"}
		],
				
		[
		{"file": "SPELL_TD/3A.png"},
		{"file": "SPELL_TD/3B.png"},
		{"file": "SPELL_TD/3C.png"},
		{"file": "SPELL_TD/3D.png"},
		{"file": "SPELL_TD/3E.png"},
		{"file": "SPELL_TD/3F.png"}
		],

		[
		{"file": "SPELL_TD/4A.png"},
		{"file": "SPELL_TD/4B.png"},
		{"file": "SPELL_TD/4C.png"},
		{"file": "SPELL_TD/4D.png"},
		{"file": "SPELL_TD/4E.png"},
		{"file": "SPELL_TD/4F.png"}
		],

		[
		{"file": "SPELL_TD/5A.png"},
		{"file": "SPELL_TD/5B.png"},
		{"file": "SPELL_TD/5C.png"},
		{"file": "SPELL_TD/5D.png"},
		{"file": "SPELL_TD/5E.png"},
		{"file": "SPELL_TD/5F.png"}
		]
		]
},












{
"name": "WARLOCK_GRAB",
"rotatable": false,
"fp_offset_x": 22,"fp_offset_y": 69,
"td_offset_x": 22,"td_offset_y": 69,

	"fp":
	[
	[
	{"file": "GRAB/1A.png"},
	{"file": "GRAB/1A.png"},
	{"file": "GRAB/1B.png"},
	{"file": "GRAB/1B.png"},
	{"file": "GRAB/1C.png"},
	{"file": "GRAB/1C.png"},
	{"file": "GRAB/1D.png"},
	{"file": "GRAB/1D.png"}
	]
	],
		"td":
		[
		[
		{"file": "GRAB/1A.png"},
		{"file": "GRAB/1A.png"},
		{"file": "GRAB/1B.png"},
		{"file": "GRAB/1B.png"},
		{"file": "GRAB/1C.png"},
		{"file": "GRAB/1C.png"},
		{"file": "GRAB/1D.png"},
		{"file": "GRAB/1D.png"}
		]
		]
},






{
"name": "WARLOCK_CHEER",
"rotatable": false,
"fp_offset_x": 61,"fp_offset_y": 105,
"td_offset_x": 53,"td_offset_y": 95,

	"fp":
	[
	[
	{"file": "CHEER_FP/1A.png"},
	{"file": "CHEER_FP/1B.png"},
	{"file": "CHEER_FP/1C.png"}
	]
	],
		"td":
		[
		[
		{"file": "CHEER_TD/1A.png"},
		{"file": "CHEER_TD/1B.png"},
		{"file": "CHEER_TD/1C.png"}
		]
		]
},











{
"name": "WARLOCK_SLEEP",
"rotatable": false,
"fp_offset_x": 32,"fp_offset_y": 71,
"td_offset_x": 24,"td_offset_y": 47,
"fp":[[{"file": "SLEEP_FP/1A.png"}]],
"td":[[{"file": "SLEEP_TD/1A.png"}]]
},



{
"name": "WARLOCK_LAIR",
"rotatable": false,
"fp_offset_x": 32,"fp_offset_y": 71,
"td_offset_x": 24,"td_offset_y": 47,
"fp":[[{"file": "LAIR_FP/1A.png"}]],
"td":[[{"file": "LAIR_TD/1A.png"}]]
},











{
"name": "WARLOCK_MOAN",
"rotatable": false,
"fp_offset_x": 47,"fp_offset_y": 88,
"td_offset_x": 37,"td_offset_y": 59,

	"fp":
	[
	[
	{"file": "MOAN_FP/1A.png"},
	{"file": "MOAN_FP/1B.png"},
	{"file": "MOAN_FP/1C.png"},
	{"file": "MOAN_FP/1B.png"}
	]
	],
		"td":
		[
		[
		{"file": "MOAN_TD/1A.png"},
		{"file": "MOAN_TD/1B.png"},
		{"file": "MOAN_TD/1C.png"},
		{"file": "MOAN_TD/1B.png"}
		]
		]
},






{
"name": "WARLOCK_DEAD",
"rotatable": false,
"fp_offset_x": 34,"fp_offset_y": 21,
"td_offset_x": 36,"td_offset_y": 33,
"fp":[[{"file": "DEAD_FP/1A.png"}]],
"td":[[{"file": "DEAD_TD/1A.png"}]]
},

{
	"name": "WARLOCK_EAT",
	"rotatable": false,
	"fp_offset_x": 34,"fp_offset_y": 96,
	"td_offset_x": 27,"td_offset_y": 58,
	
		"fp":
		[
		[
		{"file": "EAT_FP/1A.png"},
		{"file": "EAT_FP/1B.png"},
		{"file": "EAT_FP/1C.png"},
		{"file": "EAT_FP/1D.png"},
		{"file": "EAT_FP/1E.png"},
		{"file": "EAT_FP/1F.png"},
		{"file": "EAT_FP/1G.png"},
		{"file": "EAT_FP/1H.png"},
		{"file": "EAT_FP/1I.png"}
		]
		],
			"td":
			[
			[
			{"file": "EAT_TD/1A.png"},
			{"file": "EAT_TD/1B.png"},
			{"file": "EAT_TD/1C.png"},
			{"file": "EAT_TD/1D.png"},
			{"file": "EAT_TD/1E.png"},
			{"file": "EAT_TD/1F.png"},
			{"file": "EAT_TD/1G.png"},
			{"file": "EAT_TD/1H.png"},
			{"file": "EAT_TD/1I.png"}
			]
			]
	}


]