[
	{
		"name": "REAPER_WALK",
		"rotatable": true,
		"fp_offset_x": 102,
		"fp_offset_y": 165,
		"td_offset_x": 87,
		"td_offset_y": 86,
		"fp": [
			[
				{
					"file": "walk_fp/Alever0001.png"
				},
				{
					"file": "walk_fp/Blever0001.png"
				},
				{
					"file": "walk_fp/Clever0001.png"
				},
				{
					"file": "walk_fp/Dlever0001.png"
				},
				{
					"file": "walk_fp/Elever0001.png"
				},
				{
					"file": "walk_fp/Flever0001.png"
				},
				{
					"file": "walk_fp/Glever0001.png"
				},
				{
					"file": "walk_fp/Hlever0001.png"
				}
			],
			[
				{
					"file": "walk_fp/Alever0002.png"
				},
				{
					"file": "walk_fp/Blever0002.png"
				},
				{
					"file": "walk_fp/Clever0002.png"
				},
				{
					"file": "walk_fp/Dlever0002.png"
				},
				{
					"file": "walk_fp/Elever0002.png"
				},
				{
					"file": "walk_fp/Flever0002.png"
				},
				{
					"file": "walk_fp/Glever0002.png"
				},
				{
					"file": "walk_fp/Hlever0002.png"
				}
			],
			[
				{
					"file": "walk_fp/Alever0003.png"
				},
				{
					"file": "walk_fp/Blever0003.png"
				},
				{
					"file": "walk_fp/Clever0003.png"
				},
				{
					"file": "walk_fp/Dlever0003.png"
				},
				{
					"file": "walk_fp/Elever0003.png"
				},
				{
					"file": "walk_fp/Flever0003.png"
				},
				{
					"file": "walk_fp/Glever0003.png"
				},
				{
					"file": "walk_fp/Hlever0003.png"
				}
			],
			[
				{
					"file": "walk_fp/Alever0004.png"
				},
				{
					"file": "walk_fp/Blever0004.png"
				},
				{
					"file": "walk_fp/Clever0004.png"
				},
				{
					"file": "walk_fp/Dlever0004.png"
				},
				{
					"file": "walk_fp/Elever0004.png"
				},
				{
					"file": "walk_fp/Flever0004.png"
				},
				{
					"file": "walk_fp/Glever0004.png"
				},
				{
					"file": "walk_fp/Hlever0004.png"
				}
			],
			[
				{
					"file": "walk_fp/Alever0005.png"
				},
				{
					"file": "walk_fp/Blever0005.png"
				},
				{
					"file": "walk_fp/Clever0005.png"
				},
				{
					"file": "walk_fp/Dlever0005.png"
				},
				{
					"file": "walk_fp/Elever0005.png"
				},
				{
					"file": "walk_fp/Flever0005.png"
				},
				{
					"file": "walk_fp/Glever0005.png"
				},
				{
					"file": "walk_fp/Hlever0005.png"
				}
			]
		],
		"td": [
			[
				{
					"file": "walk_td/Alever0006.png"
				},
				{
					"file": "walk_td/Blever0006.png"
				},
				{
					"file": "walk_td/Clever0006.png"
				},
				{
					"file": "walk_td/Dlever0006.png"
				},
				{
					"file": "walk_td/Elever0006.png"
				},
				{
					"file": "walk_td/Flever0006.png"
				},
				{
					"file": "walk_td/Glever0006.png"
				},
				{
					"file": "walk_td/Hlever0006.png"
				}
			],
			[
				{
					"file": "walk_td/Alever0007.png"
				},
				{
					"file": "walk_td/Blever0007.png"
				},
				{
					"file": "walk_td/Clever0007.png"
				},
				{
					"file": "walk_td/Dlever0007.png"
				},
				{
					"file": "walk_td/Elever0007.png"
				},
				{
					"file": "walk_td/Flever0007.png"
				},
				{
					"file": "walk_td/Glever0007.png"
				},
				{
					"file": "walk_td/Hlever0007.png"
				}
			],
			[
				{
					"file": "walk_td/Alever0008.png"
				},
				{
					"file": "walk_td/Blever0008.png"
				},
				{
					"file": "walk_td/Clever0008.png"
				},
				{
					"file": "walk_td/Dlever0008.png"
				},
				{
					"file": "walk_td/Elever0008.png"
				},
				{
					"file": "walk_td/Flever0008.png"
				},
				{
					"file": "walk_td/Glever0008.png"
				},
				{
					"file": "walk_td/Hlever0008.png"
				}
			],
			[
				{
					"file": "walk_td/Alever0009.png"
				},
				{
					"file": "walk_td/Blever0009.png"
				},
				{
					"file": "walk_td/Clever0009.png"
				},
				{
					"file": "walk_td/Dlever0009.png"
				},
				{
					"file": "walk_td/Elever0009.png"
				},
				{
					"file": "walk_td/Flever0009.png"
				},
				{
					"file": "walk_td/Glever0009.png"
				},
				{
					"file": "walk_td/Hlever0009.png"
				}
			],
			[
				{
					"file": "walk_td/Alever0010.png"
				},
				{
					"file": "walk_td/Blever0010.png"
				},
				{
					"file": "walk_td/Clever0010.png"
				},
				{
					"file": "walk_td/Dlever0010.png"
				},
				{
					"file": "walk_td/Elever0010.png"
				},
				{
					"file": "walk_td/Flever0010.png"
				},
				{
					"file": "walk_td/Glever0010.png"
				},
				{
					"file": "walk_td/Hlever0010.png"
				}
			]
		]
	},
	{
		"name": "REAPER_STAND",
				"rotatable": true,
				"fp_offset_x": 102,
				"fp_offset_y": 165,
				"td_offset_x": 89,
				"td_offset_y": 87,
				"fp": [
					[
						{
							"file": "stand_fp/lever0001.png"
						}
					],
					[
						{
							"file": "stand_fp/lever0002.png"
						}
					],
					[
						{
							"file": "stand_fp/lever0003.png"
						}
					],
					[
						{
							"file": "stand_fp/lever0004.png"
						}
					],
					[
						{
							"file": "stand_fp/lever0005.png"
						}
					]
				],
				"td": [
					[
						{
							"file": "stand_td/lever0006.png"
						}
					],
					[
						{
							"file": "stand_td/lever0007.png"
						}
					],
					[
						{
							"file": "stand_td/lever0008.png"
						}
					],
					[
						{
							"file": "stand_td/lever0009.png"
						}
					],
					[
						{
							"file": "stand_td/lever0010.png"
						}
					]
				]
			},
	{
		"name": "REAPER_ATTACK",
		"rotatable": true,
		"fp_offset_x": 102,
		"fp_offset_y": 165,
		"td_offset_x": 99,
		"td_offset_y": 122,
		"fp": [
			[
				{
					"file": "attack_fp/Alever0001.png"
				},
				{
					"file": "attack_fp/Blever0001.png"
				},
				{
					"file": "attack_fp/Clever0001.png"
				},
				{
					"file": "attack_fp/Dlever0001.png"
				},
				{
					"file": "attack_fp/Elever0001.png"
				},
				{
					"file": "attack_fp/Flever0001.png"
				},
				{
					"file": "attack_fp/Glever0001.png"
				},
				{
					"file": "attack_fp/Hlever0001.png"
				}
			],
			[
				{
					"file": "attack_fp/Alever0002.png"
				},
				{
					"file": "attack_fp/Blever0002.png"
				},
				{
					"file": "attack_fp/Clever0002.png"
				},
				{
					"file": "attack_fp/Dlever0002.png"
				},
				{
					"file": "attack_fp/Elever0002.png"
				},
				{
					"file": "attack_fp/Flever0002.png"
				},
				{
					"file": "attack_fp/Glever0002.png"
				},
				{
					"file": "attack_fp/Hlever0002.png"
				}
			],
			[
				{
					"file": "attack_fp/Alever0003.png"
				},
				{
					"file": "attack_fp/Blever0003.png"
				},
				{
					"file": "attack_fp/Clever0003.png"
				},
				{
					"file": "attack_fp/Dlever0003.png"
				},
				{
					"file": "attack_fp/Elever0003.png"
				},
				{
					"file": "attack_fp/Flever0003.png"
				},
				{
					"file": "attack_fp/Glever0003.png"
				},
				{
					"file": "attack_fp/Hlever0003.png"
				}
			],
			[
				{
					"file": "attack_fp/Alever0004.png"
				},
				{
					"file": "attack_fp/Blever0004.png"
				},
				{
					"file": "attack_fp/Clever0004.png"
				},
				{
					"file": "attack_fp/Dlever0004.png"
				},
				{
					"file": "attack_fp/Elever0004.png"
				},
				{
					"file": "attack_fp/Flever0004.png"
				},
				{
					"file": "attack_fp/Glever0004.png"
				},
				{
					"file": "attack_fp/Hlever0004.png"
				}
			],
			[
				{
					"file": "attack_fp/Alever0005.png"
				},
				{
					"file": "attack_fp/Blever0005.png"
				},
				{
					"file": "attack_fp/Clever0005.png"
				},
				{
					"file": "attack_fp/Dlever0005.png"
				},
				{
					"file": "attack_fp/Elever0005.png"
				},
				{
					"file": "attack_fp/Flever0005.png"
				},
				{
					"file": "attack_fp/Glever0005.png"
				},
				{
					"file": "attack_fp/Hlever0005.png"
				}
			]
		],
		"td": [
			[
				{
					"file": "attack_td/Alever0006.png"
				},
				{
					"file": "attack_td/Blever0006.png"
				},
				{
					"file": "attack_td/Clever0006.png"
				},
				{
					"file": "attack_td/Dlever0006.png"
				},
				{
					"file": "attack_td/Elever0006.png"
				},
				{
					"file": "attack_td/Flever0006.png"
				},
				{
					"file": "attack_td/Glever0006.png"
				},
				{
					"file": "attack_td/Hlever0006.png"
				}
			],
			[
				{
					"file": "attack_td/Alever0007.png"
				},
				{
					"file": "attack_td/Blever0007.png"
				},
				{
					"file": "attack_td/Clever0007.png"
				},
				{
					"file": "attack_td/Dlever0007.png"
				},
				{
					"file": "attack_td/Elever0007.png"
				},
				{
					"file": "attack_td/Flever0007.png"
				},
				{
					"file": "attack_td/Glever0007.png"
				},
				{
					"file": "attack_td/Hlever0007.png"
				}
			],
			[
				{
					"file": "attack_td/Alever0008.png"
				},
				{
					"file": "attack_td/Blever0008.png"
				},
				{
					"file": "attack_td/Clever0008.png"
				},
				{
					"file": "attack_td/Dlever0008.png"
				},
				{
					"file": "attack_td/Elever0008.png"
				},
				{
					"file": "attack_td/Flever0008.png"
				},
				{
					"file": "attack_td/Glever0008.png"
				},
				{
					"file": "attack_td/Hlever0008.png"
				}
			],
			[
				{
					"file": "attack_td/Alever0009.png"
				},
				{
					"file": "attack_td/Blever0009.png"
				},
				{
					"file": "attack_td/Clever0009.png"
				},
				{
					"file": "attack_td/Dlever0009.png"
				},
				{
					"file": "attack_td/Elever0009.png"
				},
				{
					"file": "attack_td/Flever0009.png"
				},
				{
					"file": "attack_td/Glever0009.png"
				},
				{
					"file": "attack_td/Hlever0009.png"
				}
			],
			[
				{
					"file": "attack_td/Alever0010.png"
				},
				{
					"file": "attack_td/Blever0010.png"
				},
				{
					"file": "attack_td/Clever0010.png"
				},
				{
					"file": "attack_td/Dlever0010.png"
				},
				{
					"file": "attack_td/Elever0010.png"
				},
				{
					"file": "attack_td/Flever0010.png"
				},
				{
					"file": "attack_td/Glever0010.png"
				},
				{
					"file": "attack_td/Hlever0010.png"
				}
			]
		]
	},
	{
		"name": "REAPER_HIT",
		"rotatable": true,
		"fp_offset_x": 102,
		"fp_offset_y": 165,
		"td_offset_x": 99,
		"td_offset_y": 122,
		"fp": [
			[
				{
				"file": "hit_fp/lever0001.png"
				}
			],
			[
				{
				"file": "hit_fp/lever0002.png"
				}
			],
			[
				{
				"file": "hit_fp/lever0003.png"
				}
			],
			[
				{
				"file": "hit_fp/lever0004.png"
				}
			],
			[
				{
				"file": "hit_fp/lever0005.png"
				}
			]
		],
		"td": [
			[
				{
				"file": "hit_td/lever0006.png"
				}
			],
			[
				{
				"file": "hit_td/lever0007.png"
				}
			],
			[
				{
				"file": "hit_td/lever0008.png"
				}
			],
			[
				{
				"file": "hit_td/lever0009.png"
				}
			],
			[
				{
				"file": "hit_td/lever0010.png"
				}
			]
		]
	},
	{
		"name": "REAPER_COMPLAIN",
				"rotatable": false,
				"fp_offset_x": 102,
				"fp_offset_y": 163,
				"td_offset_x": 75,
				"td_offset_y": 98,
				"fp": [
					[
						{
							"file": "complain_fp/Alever0001.png"
						},
						{
							"file": "complain_fp/Blever0001.png"
						},
						{
							"file": "complain_fp/Clever0001.png"
						},
						{
							"file": "complain_fp/Dlever0001.png"
						},
						{
							"file": "complain_fp/Elever0001.png"
						},
						{
							"file": "complain_fp/Flever0001.png"
						},
						{
							"file": "complain_fp/Glever0001.png"
						}
					]
				],
				"td": [
					[
						{
							"file": "complain_td/Alever0001.png"
						},
						{
							"file": "complain_td/Blever0001.png"
						},
						{
							"file": "complain_td/Clever0001.png"
						},
						{
							"file": "complain_td/Dlever0001.png"
						},
						{
							"file": "complain_td/Elever0001.png"
						},
						{
							"file": "complain_td/Flever0001.png"
						},
						{
							"file": "complain_td/Glever0001.png"
						}
					]
				]
			},
	{
		"name": "REAPER_PICK",
		"rotatable": false,
		"fp_offset_x": 70,
		"fp_offset_y": 109,
		"td_offset_x": 70,
		"td_offset_y": 36,
		"fp": [
			[
				{
					"file": "powergrab_fp/lever0001.png"
				},
				{
					"file": "powergrab_fp/lever0002.png"
				},
				{
					"file": "powergrab_fp/lever0003.png"
				},
				{
					"file": "powergrab_fp/lever0004.png"
				},
				{
					"file": "powergrab_fp/lever0005.png"
				},
				{
					"file": "powergrab_fp/lever0006.png"
				},
				{
					"file": "powergrab_fp/lever0007.png"
				},
				{
					"file": "powergrab_fp/lever0008.png"
				}
			]
		],
		"td": [
			[
				{
					"file": "powergrab_tp/lever0001.png"
				},
				{
					"file": "powergrab_tp/lever0002.png"
				},
				{
					"file": "powergrab_tp/lever0003.png"
				},
				{
					"file": "powergrab_tp/lever0004.png"
				},
				{
					"file": "powergrab_tp/lever0005.png"
				},
				{
					"file": "powergrab_tp/lever0006.png"
				},
				{
					"file": "powergrab_tp/lever0007.png"
				},
				{
					"file": "powergrab_tp/lever0008.png"
				}
			]
		]
	},
	{
		"name": "REAPER_CELEBRATE",
		"rotatable": true,
		"fp_offset_x": 102,
		"fp_offset_y": 165,
		"td_offset_x": 73,
		"td_offset_y": 97,
		"fp": [
			[
				{
					"file": "celebrate_fp/Alever0001.png"
				},
				{
					"file": "celebrate_fp/Blever0001.png"
				},
				{
					"file": "celebrate_fp/Clever0001.png"
				},
				{
					"file": "celebrate_fp/Dlever0001.png"
				},
				{
					"file": "celebrate_fp/Elever0001.png"
				},
				{
					"file": "celebrate_fp/Flever0001.png"
				},
				{
					"file": "celebrate_fp/Glever0001.png"
				},
				{
					"file": "celebrate_fp/Hlever0001.png"
				}
			],
			[
				{
					"file": "celebrate_fp/Alever0002.png"
				},
				{
					"file": "celebrate_fp/Blever0002.png"
				},
				{
					"file": "celebrate_fp/Clever0002.png"
				},
				{
					"file": "celebrate_fp/Dlever0002.png"
				},
				{
					"file": "celebrate_fp/Elever0002.png"
				},
				{
					"file": "celebrate_fp/Flever0002.png"
				},
				{
					"file": "celebrate_fp/Glever0002.png"
				},
				{
					"file": "celebrate_fp/Hlever0002.png"
				}
			],
			[
				{
					"file": "celebrate_fp/Alever0003.png"
				},
				{
					"file": "celebrate_fp/Blever0003.png"
				},
				{
					"file": "celebrate_fp/Clever0003.png"
				},
				{
					"file": "celebrate_fp/Dlever0003.png"
				},
				{
					"file": "celebrate_fp/Elever0003.png"
				},
				{
					"file": "celebrate_fp/Flever0003.png"
				},
				{
					"file": "celebrate_fp/Glever0003.png"
				},
				{
					"file": "celebrate_fp/Hlever0003.png"
				}
			],
			[
				{
					"file": "celebrate_fp/Alever0004.png"
				},
				{
					"file": "celebrate_fp/Blever0004.png"
				},
				{
					"file": "celebrate_fp/Clever0004.png"
				},
				{
					"file": "celebrate_fp/Dlever0004.png"
				},
				{
					"file": "celebrate_fp/Elever0004.png"
				},
				{
					"file": "celebrate_fp/Flever0004.png"
				},
				{
					"file": "celebrate_fp/Glever0004.png"
				},
				{
					"file": "celebrate_fp/Hlever0004.png"
				}
			],
			[
				{
					"file": "celebrate_fp/Alever0005.png"
				},
				{
					"file": "celebrate_fp/Blever0005.png"
				},
				{
					"file": "celebrate_fp/Clever0005.png"
				},
				{
					"file": "celebrate_fp/Dlever0005.png"
				},
				{
					"file": "celebrate_fp/Elever0005.png"
				},
				{
					"file": "celebrate_fp/Flever0005.png"
				},
				{
					"file": "celebrate_fp/Glever0005.png"
				},
				{
					"file": "celebrate_fp/Hlever0005.png"
				}
			]
		],
		"td": [
			[
				{
					"file": "celebrate_td/Alever0006.png"
				},
				{
					"file": "celebrate_td/Blever0006.png"
				},
				{
					"file": "celebrate_td/Clever0006.png"
				},
				{
					"file": "celebrate_td/Dlever0006.png"
				},
				{
					"file": "celebrate_td/Elever0006.png"
				},
				{
					"file": "celebrate_td/Flever0006.png"
				},
				{
					"file": "celebrate_td/Glever0006.png"
				},
				{
					"file": "celebrate_td/Hlever0006.png"
				}
			],
			[
				{
					"file": "celebrate_td/Alever0007.png"
				},
				{
					"file": "celebrate_td/Blever0007.png"
				},
				{
					"file": "celebrate_td/Clever0007.png"
				},
				{
					"file": "celebrate_td/Dlever0007.png"
				},
				{
					"file": "celebrate_td/Elever0007.png"
				},
				{
					"file": "celebrate_td/Flever0007.png"
				},
				{
					"file": "celebrate_td/Glever0007.png"
				},
				{
					"file": "celebrate_td/Hlever0007.png"
				}
			],
			[
				{
					"file": "celebrate_td/Alever0008.png"
				},
				{
					"file": "celebrate_td/Blever0008.png"
				},
				{
					"file": "celebrate_td/Clever0008.png"
				},
				{
					"file": "celebrate_td/Dlever0008.png"
				},
				{
					"file": "celebrate_td/Elever0008.png"
				},
				{
					"file": "celebrate_td/Flever0008.png"
				},
				{
					"file": "celebrate_td/Glever0008.png"
				},
				{
					"file": "celebrate_td/Hlever0008.png"
				}
			],
			[
				{
					"file": "celebrate_td/Alever0009.png"
				},
				{
					"file": "celebrate_td/Blever0009.png"
				},
				{
					"file": "celebrate_td/Clever0009.png"
				},
				{
					"file": "celebrate_td/Dlever0009.png"
				},
				{
					"file": "celebrate_td/Elever0009.png"
				},
				{
					"file": "celebrate_td/Flever0009.png"
				},
				{
					"file": "celebrate_td/Glever0009.png"
				},
				{
					"file": "celebrate_td/Hlever0009.png"
				}
			],
			[
				{
					"file": "celebrate_td/Alever0010.png"
				},
				{
					"file": "celebrate_td/Blever0010.png"
				},
				{
					"file": "celebrate_td/Clever0010.png"
				},
				{
					"file": "celebrate_td/Dlever0010.png"
				},
				{
					"file": "celebrate_td/Elever0010.png"
				},
				{
					"file": "celebrate_td/Flever0010.png"
				},
				{
					"file": "celebrate_td/Glever0010.png"
				},
				{
					"file": "celebrate_td/Hlever0010.png"
				}
			]
		]
	},
	{
		"name": "REAPER_SLEEP",
		"rotatable": false,
		"fp_offset_x": 48,
		"fp_offset_y": 95,
		"td_offset_x": 49,
		"td_offset_y": 69,
		"fp": [
			[
				{
					"file": "sleep_fp/lever0001.png"
				},
				{
					"file": "sleep_fp/lever0002.png"
				},
				{
					"file": "sleep_fp/lever0003.png"
				},
				{
					"file": "sleep_fp/lever0004.png"
				},
				{
					"file": "sleep_fp/lever0005.png"
				},
				{
					"file": "sleep_fp/lever0006.png"
				},
				{
					"file": "sleep_fp/lever0007.png"
				},
				{
					"file": "sleep_fp/lever0008.png"
				}
			]
		],
		"td": [
			[
				{
					"file": "sleep_tp/lever0001.png"
				},
				{
					"file": "sleep_tp/lever0002.png"
				},
				{
					"file": "sleep_tp/lever0003.png"
				},
				{
					"file": "sleep_tp/lever0004.png"
				},
				{
					"file": "sleep_tp/lever0005.png"
				},
				{
					"file": "sleep_tp/lever0006.png"
				},
				{
					"file": "sleep_tp/lever0007.png"
				},
				{
					"file": "sleep_tp/lever0008.png"
				}
			]
		]
	},
			{
		"name": "EMPTY",
		"rotatable": false,
		"fp_offset_x": 102,
		"fp_offset_y": 165,
		"td_offset_x": 98,
		"td_offset_y": 120,
		"fp": [
			[
				{
					"file": "empty/lever0001.png"
				}
					]
				],
				"td": [
					[
				{
					"file": "empty/lever0001.png"
				}
			]
		]
	},
		{
		"name": "REAPER_SPAWN",
		"rotatable": false,
		"fp_offset_x": 102,
		"fp_offset_y": 185,
		"td_offset_x": 98,
		"td_offset_y": 141,
		"fp": [
			[
				{
					"file": "spawn_fp/Alever0000.png"
				},
				{
					"file": "spawn_fp/Alever0002.png"
				},
				{
					"file": "spawn_fp/Alever0004.png"
				},
				{
					"file": "spawn_fp/Alever0006.png"
				},
				{
					"file": "spawn_fp/Alever0008.png"
				},
				{
					"file": "spawn_fp/Alever0010.png"
				},
				{
					"file": "spawn_fp/Alever0012.png"
				},
				{
					"file": "spawn_fp/Alever0014.png"
				},
				{
					"file": "spawn_fp/Alever0016.png"
				},
				{
					"file": "spawn_fp/Alever0018.png"
				},
				{
					"file": "spawn_fp/Alever0020.png"
				},
				{
					"file": "spawn_fp/Alever0022.png"
				},
				{
					"file": "spawn_fp/Alever0024.png"
				},
				{
					"file": "spawn_fp/Alever0026.png"
				},
				{
					"file": "spawn_fp/Alever0028.png"
				},
				{
					"file": "spawn_fp/Alever0030.png"
				},
				{
					"file": "spawn_fp/Alever0032.png"
				}
					]
				],
				"td": [
					[
				{
					"file": "spawn_td/Alever0000.png"
				},
				{
					"file": "spawn_td/Alever0002.png"
				},
				{
					"file": "spawn_td/Alever0004.png"
				},
				{
					"file": "spawn_td/Alever0006.png"
				},
				{
					"file": "spawn_td/Alever0008.png"
				},
				{
					"file": "spawn_td/Alever0010.png"
				},
				{
					"file": "spawn_td/Alever0012.png"
				},
				{
					"file": "spawn_td/Alever0014.png"
				},
				{
					"file": "spawn_td/Alever0016.png"
				},
				{
					"file": "spawn_td/Alever0018.png"
				},
				{
					"file": "spawn_td/Alever0020.png"
				},
				{
					"file": "spawn_td/Alever0022.png"
				},
				{
					"file": "spawn_td/Alever0024.png"
				},
				{
					"file": "spawn_td/Alever0026.png"
				},
				{
					"file": "spawn_td/Alever0028.png"
				},
				{
					"file": "spawn_td/Alever0030.png"
				},
				{
					"file": "spawn_td/Alever0032.png"
				}
			]
		]
	},
			{
		"name": "REAPER_LEAVE",
		"rotatable": false,
		"fp_offset_x": 102,
		"fp_offset_y": 165,
		"td_offset_x": 73,
		"td_offset_y": 97,
		"fp": [
			[
				{
					"file": "celebrate_fp/Elever0001.png"
				}
					]
				],
				"td": [
					[
				{
					"file": "celebrate_td/Elever0006.png"
				}
			]
		]
	},
	{
		"name": "REAPER_STOMP",
		"rotatable": false,
		"fp_offset_x": 102,
		"fp_offset_y": 165,
		"td_offset_x": 99,
		"td_offset_y": 122,
		"fp": [
			[
						{
							"file": "stomp_fp/Alever0002.png"
						},
						{
							"file": "stomp_fp/Blever0002.png"
						},
						{
							"file": "stomp_fp/Clever0002.png"
						},
						{
							"file": "stomp_fp/Dlever0002.png"
						},
						{
							"file": "stomp_fp/Elever0002.png"
						},
						{
							"file": "stomp_fp/Flever0002.png"
						},
						{
							"file": "stomp_fp/Glever0002.png"
						},
						{
							"file": "stomp_fp/Hlever0002.png"
						}
					]
				],
				"td": [
					[
						{
							"file": "stomp_td/Alever0007.png"
						},
						{
							"file": "stomp_td/Blever0007.png"
						},
						{
							"file": "stomp_td/Clever0007.png"
						},
						{
							"file": "stomp_td/Dlever0007.png"
						},
						{
							"file": "stomp_td/Elever0007.png"
						},
						{
							"file": "stomp_td/Flever0007.png"
						},
						{
							"file": "stomp_td/Glever0007.png"
						},
						{
							"file": "stomp_td/Hlever0007.png"
						}
			]
		]
	},
    {
	"name": "REAPER_DEATH",
	"rotatable": false,
			"fp_offset_x": 102,
			"fp_offset_y": 165,
			"td_offset_x": 99,
			"td_offset_y": 122,
	"fp": [
		[
			{
				"file": "death_fp/lever0001.png"
			},
			{
				"file": "death_fp/lever0002.png"
			},
			{
				"file": "death_fp/lever0003.png"
			},
			{
				"file": "death_fp/lever0004.png"
			},
			{
				"file": "death_fp/lever0005.png"
			},
			{
				"file": "death_fp/lever0006.png"
			},
			{
				"file": "death_fp/lever0007.png"
			},
			{
				"file": "death_fp/lever0008.png"
			},
			{
				"file": "death_fp/lever0009.png"
			}
			
			
		]
	],
	"td": [
		[
			{
				"file": "death_tp/lever0001.png"
			},
			{
				"file": "death_tp/lever0002.png"
			},
			{
				"file": "death_tp/lever0003.png"
			},
			{
				"file": "death_tp/lever0004.png"
			},
			{
				"file": "death_tp/lever0005.png"
			},
			{
				"file": "death_tp/lever0006.png"
			},
			{
				"file": "death_tp/lever0007.png"
			},
			{
				"file": "death_tp/lever0008.png"
			},
			{
				"file": "death_tp/lever0009.png"
			}
		]
	]
},
{
	"name": "REAPER_SLAPPED",
			"rotatable": true,
			"fp_offset_x": 102,
			"fp_offset_y": 165,
			"td_offset_x": 99,
			"td_offset_y": 122,
			"fp": [
				[
					{
						"file": "slapped_fp/lever0001.png"
					}
				],
				[
					{
						"file": "slapped_fp/lever0002.png"
					}
				],
				[
					{
						"file": "slapped_fp/lever0003.png"
					}
				],
				[
					{
						"file": "slapped_fp/lever0004.png"
					}
				],
				[
					{
						"file": "slapped_fp/lever0005.png"
					}
				]
			],
			"td": [
				[
					{
						"file": "slapped_td/lever0006.png"
					}
				],
				[
					{
						"file": "slapped_td/lever0007.png"
					}
				],
				[
					{
						"file": "slapped_td/lever0008.png"
					}
				],
				[
					{
						"file": "slapped_td/lever0009.png"
					}
				],
				[
					{
						"file": "slapped_td/lever0010.png"
					}
				]
			]
		},


	{
		"name": "LAIR_REAPER",
		"rotatable": false,
		"fp_offset_x": 48,
		"fp_offset_y": 86,
		"td_offset_x": 49,
		"td_offset_y": 65,
		"fp": [
			[
			{
				"file": "lair_fp/lever0001.png"
			},
			{
				"file": "lair_fp/lever0002.png"
			},			
			{
				"file": "lair_fp/lever0003.png"
			},
			{
				"file": "lair_fp/lever0004.png"
			},			
			{
				"file": "lair_fp/lever0005.png"
			},
			{
				"file": "lair_fp/lever0006.png"
			},			
			{
				"file": "lair_fp/lever0007.png"
			},
			{
				"file": "lair_fp/lever0008.png"
			}
			]
		],
		"td": [
			[
			{
				"file": "lair_td/lever0001.png"
			},
			{
				"file": "lair_td/lever0002.png"
			},			
			{
				"file": "lair_td/lever0003.png"
			},
			{
				"file": "lair_td/lever0004.png"
			},			
			{
				"file": "lair_td/lever0005.png"
			},
			{
				"file": "lair_td/lever0006.png"
			},			
			{
				"file": "lair_td/lever0007.png"
			},
			{
				"file": "lair_td/lever0008.png"
			}
			]
		]
	}
]